"Timestamp","Conductivity (uS/cm)","Specific Conductance (uS/cm)","Dissolved Oxygen (%)","pH_1 (Units)","Temperature (C)","Comment","Site","Folder","Unit ID"
"5/16/2018 10:14:46","101.5","109.8","94.7","6.51","21.1","","LYON","","TEST"
"5/16/2018 10:14:52","101.6","109.8","94.5","6.5","21.1","","LYON","","TEST"
"5/16/2018 10:14:57","101.5","109.8","94.5","6.49","21.1","","LYON","","TEST"
"5/16/2018 10:15:02","101.5","109.8","94.6","6.49","21.1","","LYON","","TEST"
"5/16/2018 10:15:07","101.6","109.8","94.4","6.49","21.1","","LYON","","TEST"
"5/16/2018 10:15:12","101.6","109.8","94.4","6.49","21.1","","LYON","","TEST"
"5/16/2018 10:15:17","101.6","109.8","94.6","6.49","21.1","","LYON","","TEST"
"5/16/2018 10:15:22","101.6","109.8","94.3","6.49","21.1","","LYON","","TEST"
"5/16/2018 10:15:27","101.5","109.8","94.5","6.49","21.1","","LYON","","TEST"
"5/16/2018 10:15:32","101.6","109.8","94.3","6.49","21.1","","LYON","","TEST"
"5/16/2018 10:15:37","101.6","109.8","94.3","6.49","21.1","","LYON","","TEST"
"5/16/2018 10:15:42","101.6","109.8","94.4","6.49","21.1","","LYON","","TEST"
"5/16/2018 10:15:47","101.6","109.9","94.4","6.5","21.1","","LYON","","TEST"
"5/16/2018 10:15:52","101.7","109.9","94.2","6.5","21.1","","LYON","","TEST"
"5/16/2018 10:15:57","101.6","109.8","94.3","6.5","21.1","","LYON","","TEST"
"5/16/2018 10:16:02","101.6","109.8","94.4","6.5","21.1","","LYON","","TEST"
"5/16/2018 10:16:07","101.6","109.8","94.1","6.51","21.1","","LYON","","TEST"
"5/16/2018 10:16:12","101.7","109.9","94.4","6.51","21.1","","LYON","","TEST"
"5/16/2018 10:16:17","101.6","109.8","94.4","6.51","21.1","","LYON","","TEST"
"5/16/2018 10:16:22","101.7","109.9","94.2","6.51","21.1","","LYON","","TEST"
"5/16/2018 10:16:27","101.7","109.9","94.6","6.51","21.1","","LYON","","TEST"
"5/16/2018 10:16:32","101.6","109.8","94.5","6.51","21.1","","LYON","","TEST"
"5/16/2018 10:16:37","101.7","109.8","94.6","6.52","21.1","","LYON","","TEST"
"5/16/2018 10:16:42","101.7","109.9","94.7","6.52","21.1","","LYON","","TEST"
"5/16/2018 10:16:47","101.6","109.8","94.4","6.53","21.1","","LYON","","TEST"
"5/16/2018 10:16:52","101.7","109.9","94.3","6.53","21.1","","LYON","","TEST"
"5/16/2018 10:16:57","101.7","109.9","94.5","6.53","21.1","","LYON","","TEST"
"5/16/2018 10:17:02","101.6","109.8","94.7","6.53","21.1","","LYON","","TEST"
"5/16/2018 10:17:07","101.7","109.9","94.6","6.54","21.1","","LYON","","TEST"
"5/16/2018 10:17:12","101.7","109.9","94.7","6.54","21.1","","LYON","","TEST"
"5/16/2018 10:17:17","101.7","109.9","94.6","6.54","21.1","","LYON","","TEST"
"5/16/2018 10:17:22","101.7","109.8","94.4","6.55","21.1","","LYON","","TEST"
"5/16/2018 10:17:27","101.7","109.9","94.4","6.55","21.1","","LYON","","TEST"
"5/16/2018 10:17:32","101.6","109.8","94.5","6.55","21.1","","LYON","","TEST"
"5/16/2018 10:17:37","101.7","109.9","94.5","6.55","21.1","","LYON","","TEST"
"5/16/2018 10:17:42","101.8","110","94.4","6.56","21.1","","LYON","","TEST"
"5/16/2018 10:17:47","101.7","109.9","94.8","6.56","21.1","","LYON","","TEST"
"5/16/2018 10:17:52","101.6","109.8","94.7","6.57","21.1","","LYON","","TEST"
"5/16/2018 10:17:57","101.8","109.9","94.6","6.57","21.1","","LYON","","TEST"
"5/16/2018 10:18:02","101.7","109.9","94.5","6.57","21.1","","LYON","","TEST"
"5/16/2018 10:18:07","101.7","109.8","94.5","6.58","21.1","","LYON","","TEST"
"5/16/2018 10:18:12","101.7","109.9","94.8","6.58","21.1","","LYON","","TEST"
"5/16/2018 10:18:17","101.7","109.8","94.6","6.59","21.1","","LYON","","TEST"
"5/16/2018 10:18:22","101.7","109.9","94.5","6.59","21.1","","LYON","","TEST"
"5/16/2018 10:18:27","101.7","109.8","94.4","6.59","21.1","","LYON","","TEST"
"5/16/2018 10:18:32","101.8","109.9","94.3","6.6","21.1","","LYON","","TEST"
"5/16/2018 10:18:37","101.8","109.9","94.5","6.6","21.1","","LYON","","TEST"
"5/16/2018 10:18:42","101.8","109.9","94.4","6.6","21.1","","LYON","","TEST"
"5/16/2018 10:18:47","101.8","109.9","94.3","6.61","21.1","","LYON","","TEST"
"5/16/2018 10:18:52","101.8","109.9","94.6","6.61","21.1","","LYON","","TEST"
"5/16/2018 10:18:57","101.7","109.8","94.4","6.61","21.1","","LYON","","TEST"
"5/16/2018 10:19:02","101.8","109.9","94.5","6.61","21.1","","LYON","","TEST"
"5/16/2018 10:19:07","101.8","109.9","94.5","6.62","21.1","","LYON","","TEST"
"5/16/2018 10:19:12","101.8","109.9","94.6","6.62","21.1","","LYON","","TEST"
"5/16/2018 10:19:17","101.8","109.9","94.5","6.62","21.1","","LYON","","TEST"
"5/16/2018 10:19:22","101.8","109.9","94.5","6.63","21.1","","LYON","","TEST"
"5/16/2018 10:19:27","101.8","109.9","94.5","6.63","21.1","","LYON","","TEST"
"5/16/2018 10:19:32","101.9","110","94.6","6.63","21.1","","LYON","","TEST"
"5/16/2018 10:19:37","101.8","109.9","94.6","6.63","21.1","","LYON","","TEST"
"5/16/2018 10:19:42","101.9","110","94.8","6.64","21.1","","LYON","","TEST"
"5/16/2018 10:19:47","101.8","109.9","94.4","6.64","21.1","","LYON","","TEST"
"5/16/2018 10:19:52","101.7","109.8","94.5","6.64","21.1","","LYON","","TEST"
"5/16/2018 10:19:57","101.9","110","94.6","6.64","21.1","","LYON","","TEST"
"5/16/2018 10:20:02","101.8","109.9","94.5","6.65","21.1","","LYON","","TEST"
"5/16/2018 10:20:07","101.9","110","94.4","6.65","21.1","","LYON","","TEST"
"5/16/2018 10:20:12","101.8","109.8","94.7","6.65","21.1","","LYON","","TEST"
"5/16/2018 10:20:17","101.8","109.9","94.6","6.65","21.1","","LYON","","TEST"
"5/16/2018 10:20:22","101.8","109.9","94.8","6.66","21.1","","LYON","","TEST"
"5/16/2018 10:20:27","101.8","109.9","94.1","6.66","21.2","","LYON","","TEST"
"5/16/2018 10:20:32","101.9","110","94.2","6.66","21.2","","LYON","","TEST"
"5/16/2018 10:20:37","101.8","109.9","94.2","6.66","21.2","","LYON","","TEST"
"5/16/2018 10:20:42","101.9","109.9","94.1","6.66","21.2","","LYON","","TEST"
"5/16/2018 10:20:47","101.8","109.9","94.3","6.66","21.2","","LYON","","TEST"
"5/16/2018 10:20:52","101.9","109.9","94.2","6.66","21.2","","LYON","","TEST"
"5/16/2018 10:20:57","101.9","109.9","94.1","6.67","21.2","","LYON","","TEST"
"5/16/2018 10:21:02","101.8","109.9","94.3","6.67","21.2","","LYON","","TEST"
"5/16/2018 10:21:07","101.9","109.9","94.3","6.67","21.2","","LYON","","TEST"
"5/16/2018 10:21:12","101.8","109.9","94.2","6.68","21.2","","LYON","","TEST"
"5/16/2018 10:21:17","101.9","109.9","94.3","6.68","21.2","","LYON","","TEST"
"5/16/2018 10:21:22","101.9","110","94.3","6.68","21.2","","LYON","","TEST"
"5/16/2018 10:21:27","101.9","110","94.3","6.68","21.2","","LYON","","TEST"
"5/16/2018 10:21:32","101.9","109.9","94.3","6.68","21.2","","LYON","","TEST"
"5/16/2018 10:21:37","101.8","109.9","94.1","6.68","21.2","","LYON","","TEST"
"5/16/2018 10:21:42","101.9","109.9","94.4","6.68","21.2","","LYON","","TEST"
"5/16/2018 10:21:47","101.8","109.9","94.4","6.68","21.2","","LYON","","TEST"
"5/16/2018 10:21:52","101.9","109.9","94.4","6.69","21.2","","LYON","","TEST"
"5/16/2018 10:21:57","101.9","109.9","94.4","6.69","21.2","","LYON","","TEST"
"5/16/2018 10:22:02","101.9","110","94.3","6.69","21.2","","LYON","","TEST"
"5/16/2018 10:22:07","101.9","110","94.4","6.69","21.2","","LYON","","TEST"
"5/16/2018 10:22:12","101.9","110","94.1","6.69","21.2","","LYON","","TEST"
"5/16/2018 10:22:17","101.9","109.9","94.1","6.69","21.2","","LYON","","TEST"
"5/16/2018 10:22:22","101.9","109.9","94.4","6.69","21.2","","LYON","","TEST"
"5/16/2018 10:22:27","101.9","110","94.4","6.69","21.2","","LYON","","TEST"
"5/16/2018 10:22:32","101.9","109.9","94.1","6.7","21.2","","LYON","","TEST"
"5/16/2018 10:22:37","101.9","110","94.4","6.69","21.2","","LYON","","TEST"
"5/16/2018 10:22:42","101.8","109.9","94.5","6.69","21.2","","LYON","","TEST"
"5/16/2018 10:22:47","101.9","109.9","94.3","6.7","21.2","","LYON","","TEST"
"5/16/2018 10:22:52","101.9","109.9","94.2","6.7","21.2","","LYON","","TEST"
"5/16/2018 10:22:57","101.9","109.9","94.5","6.7","21.2","","LYON","","TEST"
"5/16/2018 10:23:02","102","110","94.5","6.7","21.2","","LYON","","TEST"
"5/16/2018 10:23:07","102","110","94.3","6.7","21.2","","LYON","","TEST"
"5/16/2018 10:23:12","101.9","110","94.3","6.7","21.2","","LYON","","TEST"
"5/16/2018 10:23:17","101.9","109.9","94.6","6.7","21.2","","LYON","","TEST"
"5/16/2018 10:23:22","101.9","109.9","94.3","6.71","21.2","","LYON","","TEST"
"5/16/2018 10:23:27","101.9","109.9","94.5","6.71","21.2","","LYON","","TEST"
"5/16/2018 10:23:32","102","110","94.3","6.71","21.2","","LYON","","TEST"
"5/16/2018 10:23:37","101.9","109.9","94.3","6.71","21.2","","LYON","","TEST"
"5/16/2018 10:23:42","101.9","110","94.5","6.71","21.2","","LYON","","TEST"
"5/16/2018 10:23:47","101.9","110","94.4","6.71","21.2","","LYON","","TEST"
"5/16/2018 10:23:52","101.9","109.9","94.3","6.71","21.2","","LYON","","TEST"
"5/16/2018 10:23:57","102","110","94.4","6.71","21.2","","LYON","","TEST"
"5/16/2018 10:24:02","101.9","110","94.5","6.71","21.2","","LYON","","TEST"
"5/16/2018 10:24:07","101.9","110","94.5","6.71","21.2","","LYON","","TEST"
"5/16/2018 10:24:12","101.9","109.9","94.4","6.71","21.2","","LYON","","TEST"
"5/16/2018 10:24:17","102","110","94.5","6.71","21.2","","LYON","","TEST"
"5/16/2018 10:24:22","102","110","94.5","6.71","21.2","","LYON","","TEST"
"5/16/2018 10:24:27","102","110","94.6","6.72","21.2","","LYON","","TEST"
"5/16/2018 10:24:32","102","110","94.5","6.72","21.2","","LYON","","TEST"
"5/16/2018 10:24:37","102","110","94.4","6.71","21.2","","LYON","","TEST"
"5/16/2018 10:24:42","102","110","94.4","6.72","21.2","","LYON","","TEST"
"5/16/2018 10:24:47","102","110","94.5","6.72","21.2","","LYON","","TEST"
"5/16/2018 10:24:52","102","110","94.5","6.72","21.2","","LYON","","TEST"
"5/16/2018 10:24:57","101.9","110","94.1","6.72","21.2","","LYON","","TEST"
"5/16/2018 10:25:02","102","110.1","94.2","6.72","21.2","","LYON","","TEST"
"5/16/2018 10:25:07","102","110","94.4","6.72","21.2","","LYON","","TEST"
"5/16/2018 10:25:12","102","110","94.3","6.72","21.2","","LYON","","TEST"
"5/16/2018 10:25:17","102","110","94.3","6.72","21.2","","LYON","","TEST"
"5/16/2018 10:25:22","102","110.1","94.2","6.72","21.2","","LYON","","TEST"
"5/16/2018 10:25:27","102","110","94.3","6.72","21.2","","LYON","","TEST"
"5/16/2018 10:25:32","101.9","110","94.1","6.72","21.2","","LYON","","TEST"
"5/16/2018 10:25:37","102","110","94.4","6.72","21.2","","LYON","","TEST"
"5/16/2018 10:25:42","102","110","94.3","6.72","21.2","","LYON","","TEST"
"5/16/2018 10:25:47","102","110.1","94.5","6.72","21.2","","LYON","","TEST"
"5/16/2018 10:25:52","102","110","94.4","6.72","21.2","","LYON","","TEST"
"5/16/2018 10:25:57","101.9","110","94.5","6.72","21.2","","LYON","","TEST"
"5/16/2018 10:26:02","102","110","94.4","6.72","21.2","","LYON","","TEST"
"5/16/2018 10:26:07","102","110","94.2","6.72","21.2","","LYON","","TEST"
"5/16/2018 10:26:12","102","110.1","94.5","6.72","21.2","","LYON","","TEST"
"5/16/2018 10:26:17","102.1","110.1","94.4","6.72","21.2","","LYON","","TEST"
"5/16/2018 10:26:22","102","110.1","94.6","6.72","21.2","","LYON","","TEST"
"5/16/2018 10:26:27","101.9","110","94.4","6.72","21.2","","LYON","","TEST"
"5/16/2018 10:26:32","102","110","94.3","6.73","21.2","","LYON","","TEST"
"5/16/2018 10:26:37","102","110.1","94.1","6.73","21.2","","LYON","","TEST"
"5/16/2018 10:26:42","102.1","110.1","94","6.73","21.2","","LYON","","TEST"
"5/16/2018 10:26:47","102","110","94.2","6.73","21.2","","LYON","","TEST"
"5/16/2018 10:26:52","102.1","110.1","94.3","6.73","21.2","","LYON","","TEST"
"5/16/2018 10:26:57","102","110.1","94.4","6.73","21.2","","LYON","","TEST"
"5/16/2018 10:27:02","102.1","110.2","94.4","6.73","21.2","","LYON","","TEST"
"5/16/2018 10:27:07","102.2","110.2","94.4","6.73","21.2","","LYON","","TEST"
"5/16/2018 10:27:12","102.3","110.4","94.4","6.73","21.2","","LYON","","TEST"
"5/16/2018 10:27:17","102.5","110.6","94.4","6.73","21.2","","LYON","","TEST"
"5/16/2018 10:27:22","103.1","111.2","94.4","6.73","21.2","","LYON","","TEST"
"5/16/2018 10:27:27","103.5","111.7","94.2","6.72","21.2","","LYON","","TEST"
"5/16/2018 10:27:32","104.6","112.8","94.4","6.73","21.2","","LYON","","TEST"
"5/16/2018 10:27:37","105.6","113.9","94.2","6.73","21.2","","LYON","","TEST"
"5/16/2018 10:27:42","107.5","115.9","94.1","6.72","21.2","","LYON","","TEST"
"5/16/2018 10:27:47","109.6","118.2","94.1","6.72","21.2","","LYON","","TEST"
"5/16/2018 10:27:52","111.6","120.4","94","6.73","21.2","","LYON","","TEST"
"5/16/2018 10:27:57","115.9","125","94.1","6.72","21.2","","LYON","","TEST"
"5/16/2018 10:28:02","120","129.4","94.4","6.72","21.2","","LYON","","TEST"
"5/16/2018 10:28:07","124.4","134.1","94.4","6.72","21.2","","LYON","","TEST"
"5/16/2018 10:28:12","128.4","138.5","94.5","6.72","21.2","","LYON","","TEST"
"5/16/2018 10:28:17","134","144.5","94.4","6.72","21.2","","LYON","","TEST"
"5/16/2018 10:28:22","140","150.9","94.3","6.72","21.2","","LYON","","TEST"
"5/16/2018 10:28:27","147.6","159.2","94.4","6.72","21.2","","LYON","","TEST"
"5/16/2018 10:28:32","154.3","166.3","94.2","6.73","21.2","","LYON","","TEST"
"5/16/2018 10:28:37","162","174.7","94.4","6.72","21.2","","LYON","","TEST"
"5/16/2018 10:28:42","166.3","179.3","94.4","6.74","21.2","","LYON","","TEST"
"5/16/2018 10:28:47","170","183.3","94.4","6.73","21.2","","LYON","","TEST"
"5/16/2018 10:28:52","175.7","189.4","94.5","6.74","21.2","","LYON","","TEST"
"5/16/2018 10:28:57","182.9","197.2","94.3","6.73","21.2","","LYON","","TEST"
"5/16/2018 10:29:02","190.6","205.5","94.5","6.74","21.2","","LYON","","TEST"
"5/16/2018 10:29:07","196.4","211.7","94.6","6.75","21.2","","LYON","","TEST"
"5/16/2018 10:29:12","200.9","216.6","94.5","6.76","21.2","","LYON","","TEST"
"5/16/2018 10:29:17","208.3","224.6","94.2","6.76","21.2","","LYON","","TEST"
"5/16/2018 10:29:22","212.4","229","94.4","6.76","21.2","","LYON","","TEST"
"5/16/2018 10:29:27","218","235","94.5","6.77","21.2","","LYON","","TEST"
"5/16/2018 10:29:32","221.3","238.6","94.3","6.77","21.2","","LYON","","TEST"
"5/16/2018 10:29:37","226.2","243.8","94.2","6.78","21.2","","LYON","","TEST"
"5/16/2018 10:29:42","230.2","248.1","94.2","6.78","21.2","","LYON","","TEST"
"5/16/2018 10:29:47","232.3","250.5","94.5","6.78","21.2","","LYON","","TEST"
"5/16/2018 10:29:52","235.2","253.6","94.6","6.79","21.2","","LYON","","TEST"
"5/16/2018 10:29:57","239.4","258.1","94.5","6.79","21.2","","LYON","","TEST"
"5/16/2018 10:30:02","242.8","261.7","94.5","6.8","21.2","","LYON","","TEST"
"5/16/2018 10:30:07","245.3","264.4","94.4","6.8","21.2","","LYON","","TEST"
"5/16/2018 10:30:12","246.3","265.5","94.2","6.81","21.2","","LYON","","TEST"
"5/16/2018 10:30:17","248.4","267.8","94.6","6.81","21.2","","LYON","","TEST"
"5/16/2018 10:30:22","249.8","269.2","94.8","6.81","21.2","","LYON","","TEST"
"5/16/2018 10:30:27","250.9","270.5","94.6","6.81","21.2","","LYON","","TEST"
"5/16/2018 10:30:32","252","271.6","94.7","6.82","21.2","","LYON","","TEST"
"5/16/2018 10:30:37","253","272.6","94.6","6.82","21.2","","LYON","","TEST"
"5/16/2018 10:30:42","253.9","273.6","94.6","6.82","21.2","","LYON","","TEST"
"5/16/2018 10:30:47","253.7","273.4","94.8","6.82","21.2","","LYON","","TEST"
"5/16/2018 10:30:52","254.1","273.8","94.6","6.82","21.2","","LYON","","TEST"
"5/16/2018 10:30:57","254","273.8","94.6","6.83","21.2","","LYON","","TEST"
"5/16/2018 10:31:02","254","273.7","94.8","6.83","21.2","","LYON","","TEST"
"5/16/2018 10:31:07","253.7","273.4","94.7","6.83","21.2","","LYON","","TEST"
"5/16/2018 10:31:12","253.3","272.9","94.8","6.83","21.2","","LYON","","TEST"
"5/16/2018 10:31:17","252.7","272.3","94.6","6.84","21.2","","LYON","","TEST"
"5/16/2018 10:31:22","252.2","271.8","94.5","6.84","21.2","","LYON","","TEST"
"5/16/2018 10:31:27","251.4","270.9","94.5","6.84","21.2","","LYON","","TEST"
"5/16/2018 10:31:32","250.7","270.1","94.6","6.84","21.2","","LYON","","TEST"
"5/16/2018 10:31:37","249.6","269","94.5","6.84","21.2","","LYON","","TEST"
"5/16/2018 10:31:42","248.8","268","94.6","6.84","21.2","","LYON","","TEST"
"5/16/2018 10:31:47","247.5","266.7","94.4","6.85","21.2","","LYON","","TEST"
"5/16/2018 10:31:52","247","266.1","94.5","6.85","21.2","","LYON","","TEST"
"5/16/2018 10:31:57","245.7","264.7","94.6","6.85","21.2","","LYON","","TEST"
"5/16/2018 10:32:02","244.3","263.2","94.5","6.85","21.2","","LYON","","TEST"
"5/16/2018 10:32:07","243.3","262.1","94.7","6.85","21.2","","LYON","","TEST"
"5/16/2018 10:32:12","241.6","260.3","94.8","6.85","21.2","","LYON","","TEST"
"5/16/2018 10:32:17","240.5","259.1","94.7","6.85","21.2","","LYON","","TEST"
"5/16/2018 10:32:22","238.6","257.1","94.6","6.85","21.2","","LYON","","TEST"
"5/16/2018 10:32:27","237.6","255.9","94.6","6.85","21.2","","LYON","","TEST"
"5/16/2018 10:32:32","236.3","254.5","94.7","6.85","21.2","","LYON","","TEST"
"5/16/2018 10:32:37","234.2","252.2","94.1","6.86","21.3","","LYON","","TEST"
"5/16/2018 10:32:42","233.1","251.1","94.2","6.85","21.3","","LYON","","TEST"
"5/16/2018 10:32:47","231.6","249.5","94.3","6.85","21.3","","LYON","","TEST"
"5/16/2018 10:32:52","229.6","247.3","94.3","6.85","21.3","","LYON","","TEST"
"5/16/2018 10:32:57","228.2","245.7","94.1","6.86","21.3","","LYON","","TEST"
"5/16/2018 10:33:02","226.9","244.3","94","6.86","21.3","","LYON","","TEST"
"5/16/2018 10:33:07","225","242.3","94.3","6.86","21.3","","LYON","","TEST"
"5/16/2018 10:33:12","222.6","239.7","94.4","6.86","21.3","","LYON","","TEST"
"5/16/2018 10:33:17","221.8","238.9","94.2","6.86","21.3","","LYON","","TEST"
"5/16/2018 10:33:22","220.3","237.3","94.4","6.86","21.3","","LYON","","TEST"
"5/16/2018 10:33:27","218.7","235.5","94.2","6.86","21.3","","LYON","","TEST"
"5/16/2018 10:33:32","217.4","234.1","94.3","6.86","21.3","","LYON","","TEST"
"5/16/2018 10:33:37","215.9","232.5","94.3","6.86","21.3","","LYON","","TEST"
"5/16/2018 10:33:42","214.7","231.1","94.3","6.86","21.3","","LYON","","TEST"
"5/16/2018 10:33:47","212.7","229","94.3","6.86","21.3","","LYON","","TEST"
"5/16/2018 10:33:52","210.4","226.6","94.5","6.86","21.3","","LYON","","TEST"
"5/16/2018 10:33:57","208.9","224.9","94.5","6.86","21.3","","LYON","","TEST"
"5/16/2018 10:34:02","207.9","223.9","94.3","6.85","21.3","","LYON","","TEST"
"5/16/2018 10:34:07","205.7","221.4","94.3","6.85","21.3","","LYON","","TEST"
"5/16/2018 10:34:12","203.9","219.5","94.4","6.86","21.3","","LYON","","TEST"
"5/16/2018 10:34:17","202.4","217.8","94.2","6.85","21.3","","LYON","","TEST"
"5/16/2018 10:34:22","199.9","215.1","94.3","6.86","21.3","","LYON","","TEST"
"5/16/2018 10:34:27","199.2","214.4","94.4","6.85","21.3","","LYON","","TEST"
"5/16/2018 10:34:32","196.4","211.4","94.2","6.86","21.3","","LYON","","TEST"
"5/16/2018 10:34:37","195.3","210.2","94.3","6.86","21.3","","LYON","","TEST"
"5/16/2018 10:34:42","193.8","208.6","94.5","6.86","21.3","","LYON","","TEST"
"5/16/2018 10:34:47","191.8","206.4","94.6","6.86","21.3","","LYON","","TEST"
"5/16/2018 10:34:52","190.7","205.2","94.4","6.86","21.3","","LYON","","TEST"
"5/16/2018 10:34:57","189","203.4","94.3","6.86","21.3","","LYON","","TEST"
"5/16/2018 10:35:02","187.1","201.3","94.5","6.86","21.3","","LYON","","TEST"
"5/16/2018 10:35:07","184.7","198.8","94.6","6.85","21.3","","LYON","","TEST"
"5/16/2018 10:35:12","183.7","197.7","94.6","6.85","21.3","","LYON","","TEST"
"5/16/2018 10:35:17","182.8","196.7","94.5","6.85","21.3","","LYON","","TEST"
"5/16/2018 10:35:22","181.3","195","94.6","6.85","21.3","","LYON","","TEST"
"5/16/2018 10:35:27","179.8","193.4","94.6","6.85","21.3","","LYON","","TEST"
"5/16/2018 10:35:32","177.5","190.9","94.6","6.85","21.3","","LYON","","TEST"
"5/16/2018 10:35:37","176.2","189.5","94.6","6.85","21.3","","LYON","","TEST"
"5/16/2018 10:35:42","175.2","188.5","94.4","6.85","21.3","","LYON","","TEST"
"5/16/2018 10:35:47","173.9","187","94.6","6.85","21.3","","LYON","","TEST"
"5/16/2018 10:35:52","172.4","185.5","94.6","6.85","21.3","","LYON","","TEST"
"5/16/2018 10:35:57","171.3","184.3","94.5","6.85","21.3","","LYON","","TEST"
"5/16/2018 10:36:02","169","181.8","94.5","6.85","21.3","","LYON","","TEST"
"5/16/2018 10:36:07","167.3","180","94.7","6.85","21.3","","LYON","","TEST"
"5/16/2018 10:36:12","165.8","178.4","94.8","6.85","21.3","","LYON","","TEST"
"5/16/2018 10:36:17","164.8","177.2","94.8","6.85","21.3","","LYON","","TEST"
"5/16/2018 10:36:22","163.7","176.1","94.8","6.84","21.3","","LYON","","TEST"
"5/16/2018 10:36:27","162.3","174.5","94.7","6.84","21.3","","LYON","","TEST"
"5/16/2018 10:36:32","160.7","172.9","94.7","6.84","21.3","","LYON","","TEST"
"5/16/2018 10:36:37","159.4","171.4","94.8","6.85","21.3","","LYON","","TEST"
"5/16/2018 10:36:42","158.3","170.2","94.5","6.85","21.3","","LYON","","TEST"
"5/16/2018 10:36:47","157.6","169.5","94.8","6.85","21.3","","LYON","","TEST"
"5/16/2018 10:36:52","155.3","167","94.8","6.84","21.3","","LYON","","TEST"
"5/16/2018 10:36:57","154.6","166.2","94.7","6.84","21.3","","LYON","","TEST"
"5/16/2018 10:37:02","153","164.5","94.7","6.85","21.3","","LYON","","TEST"
"5/16/2018 10:37:07","153.2","164.7","94.6","6.84","21.3","","LYON","","TEST"
"5/16/2018 10:37:12","151.6","163","94.7","6.85","21.3","","LYON","","TEST"
"5/16/2018 10:37:17","150.1","161.3","94.6","6.84","21.3","","LYON","","TEST"
"5/16/2018 10:37:22","148.9","160.1","94.8","6.84","21.3","","LYON","","TEST"
"5/16/2018 10:37:27","147.8","158.9","94.8","6.84","21.3","","LYON","","TEST"
"5/16/2018 10:37:32","147.2","158.2","94.2","6.85","21.4","","LYON","","TEST"
"5/16/2018 10:37:37","146.1","157.1","94.3","6.84","21.4","","LYON","","TEST"
"5/16/2018 10:37:42","145.3","156.2","94.2","6.84","21.4","","LYON","","TEST"
"5/16/2018 10:37:47","144.2","155","94.4","6.84","21.4","","LYON","","TEST"
"5/16/2018 10:37:52","142.9","153.6","94.5","6.84","21.4","","LYON","","TEST"
"5/16/2018 10:37:57","142.2","152.8","94.5","6.84","21.4","","LYON","","TEST"
"5/16/2018 10:38:02","141.5","152.1","94.3","6.83","21.4","","LYON","","TEST"
"5/16/2018 10:38:07","140.5","151","94.3","6.83","21.4","","LYON","","TEST"
"5/16/2018 10:38:12","139.4","149.8","94.6","6.83","21.4","","LYON","","TEST"
"5/16/2018 10:38:17","138.8","149.1","94.5","6.84","21.4","","LYON","","TEST"
"5/16/2018 10:38:22","138.2","148.5","94.4","6.84","21.4","","LYON","","TEST"
"5/16/2018 10:38:27","137.4","147.6","94.1","6.83","21.4","","LYON","","TEST"
"5/16/2018 10:38:32","136.3","146.5","94.2","6.83","21.4","","LYON","","TEST"
"5/16/2018 10:38:37","135.4","145.5","94.4","6.83","21.4","","LYON","","TEST"
"5/16/2018 10:38:42","134.7","144.8","94.2","6.83","21.4","","LYON","","TEST"
"5/16/2018 10:38:47","134.1","144","94.3","6.83","21.4","","LYON","","TEST"
"5/16/2018 10:38:52","133.2","143.1","94.5","6.83","21.4","","LYON","","TEST"
"5/16/2018 10:38:57","132.5","142.4","94.5","6.83","21.4","","LYON","","TEST"
"5/16/2018 10:39:02","131.6","141.4","94.3","6.83","21.4","","LYON","","TEST"
"5/16/2018 10:39:07","131.1","140.8","94.4","6.83","21.4","","LYON","","TEST"
"5/16/2018 10:39:12","130.3","139.9","94.5","6.83","21.4","","LYON","","TEST"
"5/16/2018 10:39:17","129.9","139.6","94.6","6.83","21.4","","LYON","","TEST"
"5/16/2018 10:39:22","129","138.5","94.4","6.83","21.4","","LYON","","TEST"
"5/16/2018 10:39:27","128.7","138.2","94.5","6.82","21.4","","LYON","","TEST"
"5/16/2018 10:39:32","128.2","137.7","94.5","6.82","21.4","","LYON","","TEST"
"5/16/2018 10:39:37","127","136.5","94.4","6.83","21.4","","LYON","","TEST"
"5/16/2018 10:39:42","126.9","136.2","94.6","6.83","21.4","","LYON","","TEST"
"5/16/2018 10:39:47","126.2","135.5","94.6","6.83","21.4","","LYON","","TEST"
"5/16/2018 10:39:52","125.8","135.1","94.5","6.83","21.4","","LYON","","TEST"
"5/16/2018 10:39:57","125.1","134.3","94.7","6.82","21.4","","LYON","","TEST"
"5/16/2018 10:40:02","124.5","133.7","94.4","6.83","21.4","","LYON","","TEST"
"5/16/2018 10:40:07","124.3","133.4","94.2","6.83","21.4","","LYON","","TEST"
"5/16/2018 10:40:12","123.5","132.6","94.4","6.82","21.4","","LYON","","TEST"
"5/16/2018 10:40:17","122.9","132","94.5","6.82","21.4","","LYON","","TEST"
"5/16/2018 10:40:22","122.6","131.6","94.5","6.82","21.4","","LYON","","TEST"
"5/16/2018 10:40:27","122.3","131.3","94.6","6.82","21.4","","LYON","","TEST"
"5/16/2018 10:40:32","121.9","130.9","94.4","6.83","21.4","","LYON","","TEST"
"5/16/2018 10:40:37","121.5","130.4","94.5","6.83","21.4","","LYON","","TEST"
"5/16/2018 10:40:42","121","129.9","94.4","6.81","21.4","","LYON","","TEST"
"5/16/2018 10:40:47","120.4","129.3","94.5","6.81","21.4","","LYON","","TEST"
"5/16/2018 10:40:52","119.9","128.7","94.6","6.82","21.4","","LYON","","TEST"
"5/16/2018 10:40:57","119.7","128.5","94.3","6.81","21.4","","LYON","","TEST"
"5/16/2018 10:41:02","119.1","127.9","94.5","6.82","21.4","","LYON","","TEST"
"5/16/2018 10:41:07","118.9","127.6","94.4","6.82","21.4","","LYON","","TEST"
"5/16/2018 10:41:12","118.2","126.9","94.5","6.82","21.4","","LYON","","TEST"
"5/16/2018 10:41:17","118","126.7","94.6","6.82","21.4","","LYON","","TEST"
"5/16/2018 10:41:22","117.7","126.4","94.4","6.82","21.4","","LYON","","TEST"
"5/16/2018 10:41:27","117.4","126","94.6","6.82","21.4","","LYON","","TEST"
"5/16/2018 10:41:32","117.1","125.7","94.7","6.82","21.4","","LYON","","TEST"
"5/16/2018 10:41:37","116.8","125.4","94.6","6.82","21.4","","LYON","","TEST"
"5/16/2018 10:41:42","116.5","125","94.5","6.82","21.4","","LYON","","TEST"
"5/16/2018 10:41:47","116","124.5","94.7","6.82","21.4","","LYON","","TEST"
"5/16/2018 10:41:52","115.7","124.2","94.7","6.82","21.4","","LYON","","TEST"
"5/16/2018 10:41:57","115.6","124.1","94.8","6.82","21.4","","LYON","","TEST"
"5/16/2018 10:42:02","115.3","123.7","94.3","6.82","21.4","","LYON","","TEST"
"5/16/2018 10:42:07","114.9","123.3","94.3","6.82","21.4","","LYON","","TEST"
"5/16/2018 10:42:12","114.7","123.1","94.4","6.82","21.4","","LYON","","TEST"
"5/16/2018 10:42:17","114.4","122.8","94.7","6.82","21.4","","LYON","","TEST"
"5/16/2018 10:42:22","114.2","122.6","94.5","6.82","21.4","","LYON","","TEST"
"5/16/2018 10:42:27","113.9","122.2","94.6","6.82","21.4","","LYON","","TEST"
"5/16/2018 10:42:32","113.6","121.9","94.8","6.81","21.4","","LYON","","TEST"
"5/16/2018 10:42:37","113.3","121.6","94.6","6.82","21.4","","LYON","","TEST"
"5/16/2018 10:42:42","113.1","121.3","94.7","6.82","21.4","","LYON","","TEST"
"5/16/2018 10:42:47","113","121.2","94.7","6.82","21.4","","LYON","","TEST"
"5/16/2018 10:42:52","112.6","120.9","94.7","6.81","21.4","","LYON","","TEST"
"5/16/2018 10:42:57","112.5","120.7","94.8","6.82","21.4","","LYON","","TEST"
"5/16/2018 10:43:02","112.3","120.5","94.9","6.82","21.4","","LYON","","TEST"
"5/16/2018 10:43:07","112.2","120.3","94.7","6.82","21.4","","LYON","","TEST"
"5/16/2018 10:43:12","111.7","119.9","94.7","6.81","21.4","","LYON","","TEST"
"5/16/2018 10:43:17","111.6","119.7","94.8","6.81","21.4","","LYON","","TEST"
"5/16/2018 10:43:22","111.4","119.5","94.3","6.81","21.5","","LYON","","TEST"
"5/16/2018 10:43:27","111.2","119.3","94.2","6.81","21.5","","LYON","","TEST"
"5/16/2018 10:43:32","110.9","119","94.2","6.81","21.5","","LYON","","TEST"
"5/16/2018 10:43:37","110.9","118.9","94.2","6.82","21.5","","LYON","","TEST"
"5/16/2018 10:43:42","110.7","118.7","94","6.82","21.5","","LYON","","TEST"
"5/16/2018 10:43:47","110.5","118.5","94.1","6.82","21.5","","LYON","","TEST"
"5/16/2018 10:43:52","110.4","118.4","94.2","6.81","21.5","","LYON","","TEST"
"5/16/2018 10:43:57","110.1","118.1","94.3","6.81","21.5","","LYON","","TEST"
"5/16/2018 10:44:02","110.1","118","94.2","6.81","21.5","","LYON","","TEST"
"5/16/2018 10:44:07","109.8","117.8","94.2","6.81","21.5","","LYON","","TEST"
"5/16/2018 10:44:12","109.8","117.7","94.3","6.81","21.5","","LYON","","TEST"
"5/16/2018 10:44:17","109.6","117.6","94.2","6.82","21.5","","LYON","","TEST"
"5/16/2018 10:44:22","109.5","117.4","94.2","6.81","21.5","","LYON","","TEST"
"5/16/2018 10:44:27","109.4","117.3","94.3","6.81","21.5","","LYON","","TEST"
"5/16/2018 10:44:32","109.2","117.1","94.3","6.81","21.5","","LYON","","TEST"
"5/16/2018 10:44:37","109.1","117","94.4","6.81","21.5","","LYON","","TEST"
"5/16/2018 10:44:42","109.1","117","94.3","6.81","21.5","","LYON","","TEST"
"5/16/2018 10:44:47","109.1","117","94.3","6.81","21.5","","LYON","","TEST"
"5/16/2018 10:44:52","108.9","116.7","94.5","6.81","21.5","","LYON","","TEST"
"5/16/2018 10:44:57","108.6","116.5","94.4","6.81","21.5","","LYON","","TEST"
"5/16/2018 10:45:02","108.6","116.4","94.5","6.81","21.5","","LYON","","TEST"
"5/16/2018 10:45:07","108.4","116.2","94.4","6.81","21.5","","LYON","","TEST"
"5/16/2018 10:45:12","108.3","116.2","94.1","6.81","21.5","","LYON","","TEST"
"5/16/2018 10:45:17","108.2","116.1","94.5","6.81","21.5","","LYON","","TEST"
"5/16/2018 10:45:22","108.2","116","94.4","6.81","21.5","","LYON","","TEST"
"5/16/2018 10:45:27","108.1","115.9","94.2","6.81","21.5","","LYON","","TEST"
"5/16/2018 10:45:32","108","115.7","94.4","6.81","21.5","","LYON","","TEST"
"5/16/2018 10:45:37","107.8","115.6","94.4","6.82","21.5","","LYON","","TEST"
"5/16/2018 10:45:42","107.8","115.6","94.3","6.81","21.5","","LYON","","TEST"
"5/16/2018 10:45:47","107.7","115.5","94.2","6.81","21.5","","LYON","","TEST"
"5/16/2018 10:45:52","107.6","115.3","94.2","6.81","21.5","","LYON","","TEST"
"5/16/2018 10:45:57","107.5","115.2","94.2","6.82","21.5","","LYON","","TEST"
"5/16/2018 10:46:02","107.4","115.2","94.4","6.81","21.5","","LYON","","TEST"
"5/16/2018 10:46:07","107.5","115.2","94.5","6.81","21.5","","LYON","","TEST"
"5/16/2018 10:46:12","107.3","115.1","94.6","6.81","21.5","","LYON","","TEST"
"5/16/2018 10:46:17","107.2","114.9","94.6","6.81","21.5","","LYON","","TEST"
"5/16/2018 10:46:22","107.2","114.9","94.4","6.81","21.5","","LYON","","TEST"
"5/16/2018 10:46:27","107.1","114.8","94.4","6.81","21.5","","LYON","","TEST"
"5/16/2018 10:46:32","107","114.7","94.5","6.82","21.5","","LYON","","TEST"
"5/16/2018 10:46:37","106.9","114.6","94.2","6.81","21.5","","LYON","","TEST"
"5/16/2018 10:46:42","106.8","114.5","94.6","6.82","21.5","","LYON","","TEST"
"5/16/2018 10:46:47","106.9","114.5","94.5","6.81","21.5","","LYON","","TEST"
"5/16/2018 10:46:52","106.8","114.4","94.2","6.82","21.5","","LYON","","TEST"
"5/16/2018 10:46:57","106.7","114.3","94.4","6.81","21.5","","LYON","","TEST"
"5/16/2018 10:47:02","106.6","114.2","94.5","6.82","21.5","","LYON","","TEST"
"5/16/2018 10:47:07","106.6","114.2","94.5","6.82","21.5","","LYON","","TEST"
"5/16/2018 10:47:12","106.5","114.2","94.6","6.81","21.5","","LYON","","TEST"
"5/16/2018 10:47:17","106.4","114.1","94.5","6.81","21.5","","LYON","","TEST"
"5/16/2018 10:47:22","106.4","114","94.4","6.81","21.5","","LYON","","TEST"
"5/16/2018 10:47:27","106.3","113.9","94.5","6.81","21.5","","LYON","","TEST"
"5/16/2018 10:47:32","106.4","113.9","94.5","6.81","21.5","","LYON","","TEST"
"5/16/2018 10:47:37","106.3","113.9","94.4","6.81","21.5","","LYON","","TEST"
"5/16/2018 10:47:42","106.2","113.8","94.5","6.82","21.5","","LYON","","TEST"
"5/16/2018 10:47:47","106.2","113.8","94.2","6.81","21.5","","LYON","","TEST"
"5/16/2018 10:47:52","106.1","113.6","94","6.82","21.5","","LYON","","TEST"
"5/16/2018 10:47:57","106.1","113.7","94.3","6.82","21.5","","LYON","","TEST"
"5/16/2018 10:48:02","106.1","113.6","94.3","6.82","21.5","","LYON","","TEST"
"5/16/2018 10:48:07","106.1","113.6","94.5","6.81","21.5","","LYON","","TEST"
"5/16/2018 10:48:12","106","113.5","94.6","6.82","21.5","","LYON","","TEST"
"5/16/2018 10:48:17","105.9","113.5","94.5","6.82","21.5","","LYON","","TEST"
"5/16/2018 10:48:22","105.9","113.4","94.4","6.81","21.5","","LYON","","TEST"
"5/16/2018 10:48:27","105.8","113.4","94.5","6.81","21.5","","LYON","","TEST"
"5/16/2018 10:48:32","105.8","113.4","94.3","6.81","21.5","","LYON","","TEST"
"5/16/2018 10:48:37","105.8","113.3","94.4","6.82","21.5","","LYON","","TEST"
"5/16/2018 10:48:42","105.7","113.3","94.4","6.82","21.5","","LYON","","TEST"
"5/16/2018 10:48:47","105.7","113.3","94.7","6.82","21.5","","LYON","","TEST"
"5/16/2018 10:48:52","105.6","113.1","94.7","6.82","21.5","","LYON","","TEST"
"5/16/2018 10:48:57","105.6","113.1","94.6","6.81","21.5","","LYON","","TEST"
"5/16/2018 10:49:02","105.6","113.1","94.5","6.81","21.5","","LYON","","TEST"
"5/16/2018 10:49:07","105.6","113.1","94.4","6.81","21.5","","LYON","","TEST"
"5/16/2018 10:49:12","105.6","113.1","94.5","6.82","21.5","","LYON","","TEST"
"5/16/2018 10:49:17","105.5","113","94.3","6.82","21.5","","LYON","","TEST"
"5/16/2018 10:49:22","105.5","113","94.5","6.81","21.5","","LYON","","TEST"
"5/16/2018 10:49:27","105.5","113","94.5","6.82","21.5","","LYON","","TEST"
"5/16/2018 10:49:32","105.4","112.9","94.5","6.81","21.5","","LYON","","TEST"
"5/16/2018 10:49:37","105.4","112.8","94.5","6.82","21.5","","LYON","","TEST"
"5/16/2018 10:49:42","105.4","112.9","94.5","6.82","21.5","","LYON","","TEST"
"5/16/2018 10:49:47","105.3","112.8","94.4","6.82","21.5","","LYON","","TEST"
"5/16/2018 10:49:52","105.4","112.8","94.2","6.82","21.5","","LYON","","TEST"
"5/16/2018 10:49:57","105.4","112.8","94.6","6.82","21.5","","LYON","","TEST"
"5/16/2018 10:50:02","105.3","112.8","94.5","6.82","21.5","","LYON","","TEST"
"5/16/2018 10:50:07","105.3","112.8","94.6","6.81","21.5","","LYON","","TEST"
"5/16/2018 10:50:12","105.2","112.7","94.5","6.81","21.5","","LYON","","TEST"
"5/16/2018 10:50:17","105.2","112.6","94.6","6.81","21.5","","LYON","","TEST"
"5/16/2018 10:50:22","105.3","112.7","94.6","6.81","21.5","","LYON","","TEST"
"5/16/2018 10:50:27","105.2","112.7","94.6","6.82","21.5","","LYON","","TEST"
"5/16/2018 10:50:32","105.2","112.7","94.6","6.82","21.5","","LYON","","TEST"
"5/16/2018 10:50:37","105.2","112.6","94.3","6.82","21.5","","LYON","","TEST"
"5/16/2018 10:50:42","105.1","112.5","94.3","6.81","21.5","","LYON","","TEST"
"5/16/2018 10:50:47","105.1","112.5","94.6","6.81","21.5","","LYON","","TEST"
"5/16/2018 10:50:52","105.1","112.5","94.8","6.81","21.5","","LYON","","TEST"
"5/16/2018 10:50:57","105.1","112.5","93.9","6.81","21.6","","LYON","","TEST"
"5/16/2018 10:51:02","105","112.4","93.9","6.82","21.6","","LYON","","TEST"
"5/16/2018 10:51:07","105","112.4","94","6.81","21.6","","LYON","","TEST"
"5/16/2018 10:51:12","105.1","112.5","93.9","6.81","21.6","","LYON","","TEST"
"5/16/2018 10:51:17","105","112.4","94.2","6.82","21.6","","LYON","","TEST"
"5/16/2018 10:51:22","105","112.4","94.2","6.82","21.6","","LYON","","TEST"
"5/16/2018 10:51:27","105","112.4","94","6.82","21.6","","LYON","","TEST"
"5/16/2018 10:51:32","104.9","112.3","94.3","6.81","21.6","","LYON","","TEST"
"5/16/2018 10:51:37","105","112.4","94.3","6.81","21.6","","LYON","","TEST"
"5/16/2018 10:51:42","104.9","112.3","94.2","6.81","21.6","","LYON","","TEST"
"5/16/2018 10:51:47","104.9","112.3","94","6.82","21.6","","LYON","","TEST"
"5/16/2018 10:51:52","104.9","112.3","94","6.81","21.6","","LYON","","TEST"
"5/16/2018 10:51:57","104.9","112.3","94.2","6.81","21.6","","LYON","","TEST"
"5/16/2018 10:52:02","104.9","112.3","93.8","6.82","21.6","","LYON","","TEST"
"5/16/2018 10:52:07","104.9","112.3","94.2","6.81","21.6","","LYON","","TEST"
"5/16/2018 10:52:12","104.9","112.3","94.2","6.81","21.6","","LYON","","TEST"
"5/16/2018 10:52:17","104.9","112.3","94.1","6.81","21.6","","LYON","","TEST"
"5/16/2018 10:52:22","104.9","112.2","94.3","6.81","21.6","","LYON","","TEST"
"5/16/2018 10:52:27","104.9","112.2","94.3","6.82","21.6","","LYON","","TEST"
"5/16/2018 10:52:32","104.8","112.2","94","6.82","21.6","","LYON","","TEST"
"5/16/2018 10:52:37","104.8","112.1","94.1","6.82","21.6","","LYON","","TEST"
"5/16/2018 10:52:42","104.9","112.3","94.2","6.81","21.6","","LYON","","TEST"
"5/16/2018 10:52:47","104.8","112.2","94.3","6.81","21.6","","LYON","","TEST"
"5/16/2018 10:52:52","104.8","112.2","94.2","6.81","21.6","","LYON","","TEST"
"5/16/2018 10:52:57","104.8","112.1","94.3","6.81","21.6","","LYON","","TEST"
"5/16/2018 10:53:02","104.8","112.1","94.3","6.81","21.6","","LYON","","TEST"
"5/16/2018 10:53:07","104.8","112.1","94.4","6.81","21.6","","LYON","","TEST"
"5/16/2018 10:53:12","104.7","112.1","94.3","6.81","21.6","","LYON","","TEST"
"5/16/2018 10:53:17","104.8","112.1","94.3","6.81","21.6","","LYON","","TEST"
"5/16/2018 10:53:22","104.7","112.1","94.3","6.81","21.6","","LYON","","TEST"
"5/16/2018 10:53:27","104.8","112.1","94.1","6.81","21.6","","LYON","","TEST"
"5/16/2018 10:53:32","104.8","112.1","94.1","6.81","21.6","","LYON","","TEST"
"5/16/2018 10:53:37","104.7","112","94.1","6.82","21.6","","LYON","","TEST"
"5/16/2018 10:53:42","104.7","112","93.9","6.82","21.6","","LYON","","TEST"
"5/16/2018 10:53:47","104.7","112","94.1","6.82","21.6","","LYON","","TEST"
"5/16/2018 10:53:52","104.7","112","94","6.81","21.6","","LYON","","TEST"
"5/16/2018 10:53:57","104.7","112.1","94.2","6.81","21.6","","LYON","","TEST"
"5/16/2018 10:54:02","104.7","112","94","6.81","21.6","","LYON","","TEST"
"5/16/2018 10:54:07","104.7","112","93.9","6.81","21.6","","LYON","","TEST"
"5/16/2018 10:54:12","104.7","111.9","94.1","6.82","21.6","","LYON","","TEST"
"5/16/2018 10:54:17","104.7","112","94.1","6.81","21.6","","LYON","","TEST"
"5/16/2018 10:54:22","104.7","112","94","6.82","21.6","","LYON","","TEST"
"5/16/2018 10:54:27","104.7","112","94.2","6.82","21.6","","LYON","","TEST"
"5/16/2018 10:54:32","104.6","111.9","94.2","6.83","21.6","","LYON","","TEST"
"5/16/2018 10:54:37","104.7","112","93.9","6.82","21.6","","LYON","","TEST"
"5/16/2018 10:54:42","104.7","112","94.1","6.82","21.6","","LYON","","TEST"
"5/16/2018 10:54:47","104.6","111.9","94.3","6.82","21.6","","LYON","","TEST"
"5/16/2018 10:54:52","104.7","112","94.1","6.82","21.6","","LYON","","TEST"
"5/16/2018 10:54:57","104.7","111.9","94","6.82","21.6","","LYON","","TEST"
"5/16/2018 10:55:02","104.7","111.9","93.9","6.82","21.6","","LYON","","TEST"
"5/16/2018 10:55:07","104.7","111.9","93.9","6.82","21.6","","LYON","","TEST"
"5/16/2018 10:55:12","104.7","111.9","94.2","6.82","21.6","","LYON","","TEST"
"5/16/2018 10:55:17","104.6","111.9","94.1","6.82","21.6","","LYON","","TEST"
"5/16/2018 10:55:22","104.6","111.9","94.2","6.82","21.6","","LYON","","TEST"
"5/16/2018 10:55:27","104.6","111.9","94.4","6.82","21.6","","LYON","","TEST"
"5/16/2018 10:55:32","104.6","111.8","94.2","6.82","21.6","","LYON","","TEST"
"5/16/2018 10:55:37","104.6","111.9","94.3","6.82","21.6","","LYON","","TEST"
"5/16/2018 10:55:42","104.6","111.9","94.4","6.82","21.6","","LYON","","TEST"
"5/16/2018 10:55:47","104.6","111.8","94.4","6.82","21.6","","LYON","","TEST"
"5/16/2018 10:55:52","104.6","111.8","94.4","6.82","21.6","","LYON","","TEST"
"5/16/2018 10:55:57","104.6","111.8","94.2","6.82","21.6","","LYON","","TEST"
"5/16/2018 10:56:02","104.6","111.8","94.3","6.82","21.6","","LYON","","TEST"
"5/16/2018 10:56:07","104.6","111.8","94.2","6.81","21.6","","LYON","","TEST"
"5/16/2018 10:56:12","104.6","111.8","94.1","6.82","21.6","","LYON","","TEST"
"5/16/2018 10:56:17","104.5","111.8","94.2","6.82","21.6","","LYON","","TEST"
"5/16/2018 10:56:22","104.6","111.8","94.3","6.82","21.6","","LYON","","TEST"
"5/16/2018 10:56:27","104.5","111.8","94","6.82","21.6","","LYON","","TEST"
"5/16/2018 10:56:32","104.6","111.8","93.9","6.81","21.6","","LYON","","TEST"
"5/16/2018 10:56:37","104.6","111.9","94.1","6.82","21.6","","LYON","","TEST"
"5/16/2018 10:56:42","104.5","111.8","94.4","6.82","21.6","","LYON","","TEST"
"5/16/2018 10:56:47","104.6","111.8","94.4","6.82","21.6","","LYON","","TEST"
"5/16/2018 10:56:52","104.6","111.9","94.1","6.83","21.6","","LYON","","TEST"
"5/16/2018 10:56:57","104.5","111.8","94.3","6.82","21.6","","LYON","","TEST"
"5/16/2018 10:57:02","104.5","111.8","94.4","6.82","21.6","","LYON","","TEST"
"5/16/2018 10:57:07","104.6","111.8","94.3","6.82","21.6","","LYON","","TEST"
"5/16/2018 10:57:12","104.6","111.8","94.4","6.82","21.6","","LYON","","TEST"
"5/16/2018 10:57:17","104.5","111.7","94.4","6.82","21.6","","LYON","","TEST"
"5/16/2018 10:57:22","104.6","111.8","94.3","6.81","21.6","","LYON","","TEST"
"5/16/2018 10:57:27","104.6","111.8","94.3","6.81","21.6","","LYON","","TEST"
"5/16/2018 10:57:32","104.5","111.8","94.3","6.82","21.6","","LYON","","TEST"
"5/16/2018 10:57:37","104.6","111.8","94.1","6.82","21.6","","LYON","","TEST"
"5/16/2018 10:57:42","104.5","111.7","94.3","6.82","21.6","","LYON","","TEST"
"5/16/2018 10:57:47","104.6","111.8","94.4","6.82","21.6","","LYON","","TEST"
"5/16/2018 10:57:52","104.5","111.7","94.5","6.82","21.6","","LYON","","TEST"
"5/16/2018 10:57:57","104.6","111.8","94.5","6.81","21.6","","LYON","","TEST"
"5/16/2018 10:58:02","104.5","111.7","94.6","6.81","21.6","","LYON","","TEST"
"5/16/2018 10:58:07","104.5","111.7","94.4","6.81","21.6","","LYON","","TEST"
"5/16/2018 10:58:12","104.6","111.8","94.4","6.82","21.6","","LYON","","TEST"
"5/16/2018 10:58:17","104.5","111.7","94.2","6.82","21.6","","LYON","","TEST"
"5/16/2018 10:58:22","104.6","111.8","94.4","6.81","21.6","","LYON","","TEST"
"5/16/2018 10:58:27","104.6","111.8","94","6.81","21.6","","LYON","","TEST"
"5/16/2018 10:58:32","104.5","111.7","94.3","6.81","21.6","","LYON","","TEST"
"5/16/2018 10:58:37","104.5","111.7","94.3","6.82","21.6","","LYON","","TEST"
"5/16/2018 10:58:42","104.5","111.7","94.4","6.81","21.6","","LYON","","TEST"
"5/16/2018 10:58:47","104.5","111.7","94.5","6.82","21.6","","LYON","","TEST"
"5/16/2018 10:58:52","104.5","111.7","94.6","6.81","21.6","","LYON","","TEST"
"5/16/2018 10:58:57","104.5","111.7","94.3","6.81","21.6","","LYON","","TEST"
"5/16/2018 10:59:02","104.6","111.8","94.3","6.81","21.6","","LYON","","TEST"
"5/16/2018 10:59:07","104.5","111.6","94.3","6.82","21.6","","LYON","","TEST"
"5/16/2018 10:59:12","104.5","111.7","94.4","6.82","21.6","","LYON","","TEST"
"5/16/2018 10:59:17","104.5","111.7","94.3","6.82","21.6","","LYON","","TEST"
"5/16/2018 10:59:22","104.6","111.7","94.3","6.82","21.6","","LYON","","TEST"
"5/16/2018 10:59:27","104.5","111.7","94.5","6.82","21.6","","LYON","","TEST"
"5/16/2018 10:59:32","104.5","111.7","94.2","6.81","21.6","","LYON","","TEST"
"5/16/2018 10:59:37","104.5","111.7","94","6.82","21.6","","LYON","","TEST"
"5/16/2018 10:59:42","104.6","111.7","94.4","6.82","21.6","","LYON","","TEST"
"5/16/2018 10:59:47","104.5","111.7","94.1","6.82","21.6","","LYON","","TEST"
"5/16/2018 10:59:52","104.5","111.6","94.1","6.82","21.6","","LYON","","TEST"
"5/16/2018 10:59:57","104.5","111.6","94.2","6.82","21.6","","LYON","","TEST"
"5/16/2018 11:00:02","104.5","111.6","94.1","6.82","21.6","","LYON","","TEST"
"5/16/2018 11:00:07","104.5","111.7","94.3","6.82","21.6","","LYON","","TEST"
"5/16/2018 11:00:12","104.6","111.7","94.3","6.82","21.6","","LYON","","TEST"
"5/16/2018 11:00:17","104.5","111.7","94.3","6.82","21.6","","LYON","","TEST"
"5/16/2018 11:00:22","104.6","111.7","94.4","6.82","21.6","","LYON","","TEST"
"5/16/2018 11:00:27","104.5","111.7","94.4","6.82","21.6","","LYON","","TEST"
"5/16/2018 11:00:32","104.5","111.6","94.3","6.82","21.6","","LYON","","TEST"
"5/16/2018 11:00:37","104.5","111.7","94.2","6.83","21.6","","LYON","","TEST"
"5/16/2018 11:00:42","104.6","111.7","94.3","6.82","21.6","","LYON","","TEST"
"5/16/2018 11:00:47","104.5","111.7","94.3","6.82","21.6","","LYON","","TEST"
"5/16/2018 11:00:52","104.5","111.6","94.4","6.82","21.6","","LYON","","TEST"
"5/16/2018 11:00:57","104.6","111.7","94.2","6.82","21.6","","LYON","","TEST"
"5/16/2018 11:01:02","104.5","111.7","94.3","6.82","21.6","","LYON","","TEST"
"5/16/2018 11:01:07","104.5","111.7","94.4","6.82","21.6","","LYON","","TEST"
"5/16/2018 11:01:12","104.5","111.7","94.3","6.82","21.6","","LYON","","TEST"
"5/16/2018 11:01:17","104.5","111.6","94.2","6.83","21.6","","LYON","","TEST"
"5/16/2018 11:01:22","104.5","111.7","94.2","6.83","21.6","","LYON","","TEST"
"5/16/2018 11:01:27","104.5","111.7","94.3","6.83","21.6","","LYON","","TEST"
"5/16/2018 11:01:32","104.5","111.7","94.4","6.82","21.6","","LYON","","TEST"
"5/16/2018 11:01:37","104.5","111.6","94.3","6.82","21.6","","LYON","","TEST"
"5/16/2018 11:01:42","104.5","111.7","94.3","6.82","21.6","","LYON","","TEST"
"5/16/2018 11:01:47","104.5","111.7","94.4","6.82","21.6","","LYON","","TEST"
"5/16/2018 11:01:52","104.5","111.6","94.4","6.82","21.6","","LYON","","TEST"
"5/16/2018 11:01:57","104.5","111.7","94","6.83","21.6","","LYON","","TEST"
"5/16/2018 11:02:02","104.5","111.6","93.9","6.82","21.6","","LYON","","TEST"
"5/16/2018 11:02:07","104.5","111.7","94.3","6.82","21.6","","LYON","","TEST"
"5/16/2018 11:02:12","104.5","111.7","94.4","6.82","21.6","","LYON","","TEST"
"5/16/2018 11:02:17","104.5","111.6","94.2","6.81","21.6","","LYON","","TEST"
"5/16/2018 11:02:22","104.5","111.6","94.2","6.81","21.6","","LYON","","TEST"
"5/16/2018 11:02:27","104.5","111.6","94.5","6.81","21.6","","LYON","","TEST"
"5/16/2018 11:02:32","104.5","111.7","94.5","6.82","21.6","","LYON","","TEST"
"5/16/2018 11:02:37","104.5","111.7","94.3","6.83","21.6","","LYON","","TEST"
"5/16/2018 11:02:42","104.5","111.6","94.4","6.82","21.6","","LYON","","TEST"
"5/16/2018 11:02:47","104.5","111.7","94.3","6.82","21.6","","LYON","","TEST"
"5/16/2018 11:02:52","104.5","111.7","94.5","6.82","21.6","","LYON","","TEST"
"5/16/2018 11:02:57","104.5","111.7","94.3","6.82","21.6","","LYON","","TEST"
"5/16/2018 11:03:02","104.6","111.7","94.2","6.82","21.6","","LYON","","TEST"
"5/16/2018 11:03:07","104.5","111.6","94.4","6.82","21.6","","LYON","","TEST"
"5/16/2018 11:03:12","104.5","111.7","94.3","6.82","21.6","","LYON","","TEST"
"5/16/2018 11:03:17","104.5","111.7","94.2","6.82","21.6","","LYON","","TEST"
"5/16/2018 11:03:22","104.6","111.7","94.4","6.82","21.6","","LYON","","TEST"
"5/16/2018 11:03:27","104.5","111.6","94.5","6.82","21.6","","LYON","","TEST"
"5/16/2018 11:03:32","104.5","111.7","93.8","6.82","21.7","","LYON","","TEST"
"5/16/2018 11:03:37","104.5","111.7","93.8","6.82","21.7","","LYON","","TEST"
"5/16/2018 11:03:42","104.5","111.7","94","6.82","21.7","","LYON","","TEST"
"5/16/2018 11:03:47","104.5","111.6","93.9","6.82","21.7","","LYON","","TEST"
"5/16/2018 11:03:52","104.5","111.6","94","6.82","21.7","","LYON","","TEST"
"5/16/2018 11:03:57","104.5","111.7","93.9","6.82","21.7","","LYON","","TEST"
"5/16/2018 11:04:02","104.5","111.6","94","6.82","21.7","","LYON","","TEST"
"5/16/2018 11:04:07","104.5","111.7","93.6","6.82","21.7","","LYON","","TEST"
"5/16/2018 11:04:12","104.6","111.7","94.2","6.82","21.6","","LYON","","TEST"
"5/16/2018 11:04:17","104.5","111.7","93.7","6.82","21.7","","LYON","","TEST"
"5/16/2018 11:04:22","104.5","111.6","93.8","6.82","21.7","","LYON","","TEST"
"5/16/2018 11:04:27","104.5","111.7","94.2","6.82","21.6","","LYON","","TEST"
"5/16/2018 11:04:32","104.5","111.7","93.8","6.82","21.7","","LYON","","TEST"
"5/16/2018 11:04:37","104.5","111.7","93.7","6.81","21.7","","LYON","","TEST"
"5/16/2018 11:04:42","104.5","111.6","94.1","6.82","21.6","","LYON","","TEST"
"5/16/2018 11:04:47","104.5","111.6","94","6.83","21.6","","LYON","","TEST"
"5/16/2018 11:04:52","104.6","111.7","94.4","6.82","21.6","","LYON","","TEST"
"5/16/2018 11:04:57","104.5","111.7","94.3","6.82","21.6","","LYON","","TEST"
"5/16/2018 11:05:02","104.5","111.7","94.4","6.82","21.6","","LYON","","TEST"
"5/16/2018 11:05:07","104.5","111.7","94.3","6.82","21.6","","LYON","","TEST"
"5/16/2018 11:05:12","104.5","111.6","94.2","6.82","21.6","","LYON","","TEST"
"5/16/2018 11:05:17","104.5","111.6","94.2","6.83","21.6","","LYON","","TEST"
"5/16/2018 11:05:22","104.6","111.7","94.2","6.82","21.6","","LYON","","TEST"
"5/16/2018 11:05:27","104.5","111.7","94.3","6.82","21.6","","LYON","","TEST"
"5/16/2018 11:05:32","104.5","111.6","94","6.82","21.6","","LYON","","TEST"
"5/16/2018 11:05:37","104.5","111.6","94.2","6.83","21.6","","LYON","","TEST"
"5/16/2018 11:05:42","104.5","111.6","94.2","6.83","21.6","","LYON","","TEST"
"5/16/2018 11:05:47","104.5","111.7","94.2","6.83","21.6","","LYON","","TEST"
"5/16/2018 11:05:52","104.5","111.6","94.3","6.82","21.6","","LYON","","TEST"
"5/16/2018 11:05:57","104.5","111.6","94.3","6.82","21.6","","LYON","","TEST"
"5/16/2018 11:06:02","104.6","111.7","94.1","6.82","21.6","","LYON","","TEST"
"5/16/2018 11:06:07","104.5","111.6","94.2","6.82","21.6","","LYON","","TEST"
"5/16/2018 11:06:12","104.5","111.6","94.3","6.83","21.6","","LYON","","TEST"
"5/16/2018 11:06:17","104.5","111.7","94.2","6.83","21.6","","LYON","","TEST"
"5/16/2018 11:06:22","104.5","111.7","94.3","6.83","21.6","","LYON","","TEST"
"5/16/2018 11:06:27","104.5","111.6","94.3","6.82","21.6","","LYON","","TEST"
"5/16/2018 11:06:32","104.4","111.6","94.3","6.82","21.6","","LYON","","TEST"
"5/16/2018 11:06:37","104.5","111.7","94.1","6.82","21.6","","LYON","","TEST"
"5/16/2018 11:06:42","104.5","111.7","94.1","6.82","21.6","","LYON","","TEST"
"5/16/2018 11:06:47","104.5","111.7","94.3","6.82","21.6","","LYON","","TEST"
"5/16/2018 11:06:52","104.5","111.6","94.1","6.82","21.6","","LYON","","TEST"
"5/16/2018 11:06:57","104.5","111.7","94.5","6.82","21.6","","LYON","","TEST"
"5/16/2018 11:07:02","104.4","111.6","94.1","6.83","21.6","","LYON","","TEST"
"5/16/2018 11:07:07","104.4","111.6","94.2","6.83","21.6","","LYON","","TEST"
"5/16/2018 11:07:12","104.5","111.7","94","6.83","21.6","","LYON","","TEST"
"5/16/2018 11:07:17","104.5","111.6","93.9","6.83","21.6","","LYON","","TEST"
"5/16/2018 11:07:22","104.5","111.7","94.1","6.82","21.6","","LYON","","TEST"
"5/16/2018 11:07:27","104.6","111.7","94.3","6.82","21.6","","LYON","","TEST"
"5/16/2018 11:07:32","104.5","111.7","94.1","6.83","21.6","","LYON","","TEST"
"5/16/2018 11:07:37","104.5","111.7","94","6.83","21.6","","LYON","","TEST"
"5/16/2018 11:07:42","104.5","111.6","94.2","6.83","21.6","","LYON","","TEST"
"5/16/2018 11:07:47","104.5","111.7","94.1","6.83","21.6","","LYON","","TEST"
"5/16/2018 11:07:52","104.6","111.7","94.2","6.82","21.6","","LYON","","TEST"
"5/16/2018 11:07:57","104.5","111.7","94.2","6.83","21.6","","LYON","","TEST"
"5/16/2018 11:08:02","104.5","111.7","94.1","6.83","21.6","","LYON","","TEST"
"5/16/2018 11:08:07","104.5","111.7","94","6.83","21.6","","LYON","","TEST"
"5/16/2018 11:08:12","104.5","111.6","94.1","6.83","21.6","","LYON","","TEST"
"5/16/2018 11:08:17","104.5","111.6","94.1","6.82","21.6","","LYON","","TEST"
"5/16/2018 11:08:22","104.5","111.7","93.8","6.83","21.6","","LYON","","TEST"
"5/16/2018 11:08:27","104.5","111.7","94.1","6.82","21.6","","LYON","","TEST"
"5/16/2018 11:08:32","104.5","111.7","94.3","6.82","21.6","","LYON","","TEST"
"5/16/2018 11:08:37","104.5","111.7","94.3","6.83","21.6","","LYON","","TEST"
"5/16/2018 11:08:42","104.5","111.7","94.3","6.82","21.6","","LYON","","TEST"
"5/16/2018 11:08:47","104.5","111.6","94.3","6.83","21.6","","LYON","","TEST"
"5/16/2018 11:08:52","104.6","111.7","94.2","6.83","21.6","","LYON","","TEST"
"5/16/2018 11:08:57","104.5","111.7","94.3","6.82","21.6","","LYON","","TEST"
"5/16/2018 11:09:02","104.5","111.7","94.3","6.82","21.6","","LYON","","TEST"
"5/16/2018 11:09:07","104.6","111.7","94.2","6.82","21.6","","LYON","","TEST"
"5/16/2018 11:09:12","104.5","111.7","94.3","6.82","21.6","","LYON","","TEST"
"5/16/2018 11:09:17","104.6","111.7","94.5","6.83","21.6","","LYON","","TEST"
"5/16/2018 11:09:22","104.6","111.7","94.1","6.83","21.6","","LYON","","TEST"
"5/16/2018 11:09:27","104.6","111.7","94.1","6.83","21.6","","LYON","","TEST"
"5/16/2018 11:09:32","104.6","111.7","94","6.83","21.6","","LYON","","TEST"
"5/16/2018 11:09:37","104.6","111.8","94.3","6.83","21.6","","LYON","","TEST"
"5/16/2018 11:09:42","104.5","111.7","94.1","6.83","21.6","","LYON","","TEST"
"5/16/2018 11:09:47","104.5","111.7","94.1","6.82","21.6","","LYON","","TEST"
"5/16/2018 11:09:52","104.5","111.6","94.2","6.83","21.6","","LYON","","TEST"
"5/16/2018 11:09:57","104.6","111.7","94.1","6.82","21.6","","LYON","","TEST"
"5/16/2018 11:10:02","104.5","111.7","94","6.82","21.6","","LYON","","TEST"
"5/16/2018 11:10:07","104.6","111.7","94","6.82","21.6","","LYON","","TEST"
"5/16/2018 11:10:12","104.5","111.7","94","6.82","21.6","","LYON","","TEST"
"5/16/2018 11:10:17","104.5","111.7","94.1","6.83","21.6","","LYON","","TEST"
"5/16/2018 11:10:22","104.6","111.8","94","6.83","21.6","","LYON","","TEST"
"5/16/2018 11:10:27","104.5","111.7","93.9","6.83","21.6","","LYON","","TEST"
"5/16/2018 11:10:32","104.5","111.7","94.1","6.83","21.6","","LYON","","TEST"
"5/16/2018 11:10:37","104.6","111.8","93.9","6.84","21.6","","LYON","","TEST"
"5/16/2018 11:10:42","104.6","111.7","93.6","6.84","21.6","","LYON","","TEST"
"5/16/2018 11:10:47","104.5","111.6","93.5","6.83","21.6","","LYON","","TEST"
"5/16/2018 11:10:52","104.6","111.7","93.7","6.84","21.6","","LYON","","TEST"
"5/16/2018 11:10:57","104.5","111.7","94","6.83","21.6","","LYON","","TEST"
"5/16/2018 11:11:02","104.5","111.7","94","6.83","21.6","","LYON","","TEST"
"5/16/2018 11:11:07","104.6","111.8","93.8","6.83","21.6","","LYON","","TEST"
"5/16/2018 11:11:12","104.6","111.7","93.9","6.83","21.6","","LYON","","TEST"
"5/16/2018 11:11:17","104.6","111.8","93.9","6.83","21.6","","LYON","","TEST"
"5/16/2018 11:11:22","104.6","111.8","93.6","6.83","21.6","","LYON","","TEST"
"5/16/2018 11:11:27","104.6","111.7","93.9","6.83","21.6","","LYON","","TEST"
"5/16/2018 11:11:32","104.6","111.8","93.8","6.83","21.6","","LYON","","TEST"
"5/16/2018 11:11:37","104.6","111.8","93.9","6.83","21.6","","LYON","","TEST"
"5/16/2018 11:11:42","104.6","111.8","93.8","6.83","21.6","","LYON","","TEST"
"5/16/2018 11:11:47","104.7","111.8","93.9","6.83","21.6","","LYON","","TEST"
"5/16/2018 11:11:52","104.7","111.8","93.8","6.84","21.6","","LYON","","TEST"
"5/16/2018 11:11:57","104.6","111.8","93.6","6.83","21.6","","LYON","","TEST"
"5/16/2018 11:12:02","104.6","111.7","93.6","6.83","21.6","","LYON","","TEST"
"5/16/2018 11:12:07","104.6","111.7","93.8","6.83","21.6","","LYON","","TEST"
"5/16/2018 11:12:12","104.6","111.8","93.8","6.83","21.6","","LYON","","TEST"
"5/16/2018 11:12:17","104.7","111.8","93.8","6.84","21.6","","LYON","","TEST"
"5/16/2018 11:12:22","104.6","111.7","93.8","6.84","21.6","","LYON","","TEST"
"5/16/2018 11:12:27","104.6","111.7","93.6","6.83","21.6","","LYON","","TEST"
"5/16/2018 11:12:32","104.6","111.8","93.5","6.83","21.6","","LYON","","TEST"
"5/16/2018 11:12:37","104.6","111.8","93.7","6.83","21.6","","LYON","","TEST"
"5/16/2018 11:12:42","104.6","111.8","94","6.83","21.6","","LYON","","TEST"
"5/16/2018 11:12:47","104.6","111.8","93.6","6.83","21.6","","LYON","","TEST"
"5/16/2018 11:12:52","104.6","111.8","93.5","6.83","21.6","","LYON","","TEST"
"5/16/2018 11:12:57","104.7","111.8","93.6","6.83","21.6","","LYON","","TEST"
"5/16/2018 11:13:02","104.6","111.8","93.4","6.83","21.6","","LYON","","TEST"
"5/16/2018 11:13:07","104.7","111.8","93.6","6.83","21.6","","LYON","","TEST"
"5/16/2018 11:13:12","104.6","111.8","93.7","6.83","21.6","","LYON","","TEST"
"5/16/2018 11:13:17","104.6","111.7","93.7","6.83","21.6","","LYON","","TEST"
"5/16/2018 11:13:22","104.7","111.9","93.6","6.83","21.6","","LYON","","TEST"
"5/16/2018 11:13:27","104.6","111.8","93.9","6.83","21.6","","LYON","","TEST"
"5/16/2018 11:13:32","104.7","111.8","93.6","6.83","21.6","","LYON","","TEST"
"5/16/2018 11:13:37","104.6","111.8","93.6","6.83","21.6","","LYON","","TEST"
"5/16/2018 11:13:42","104.7","111.9","93.4","6.84","21.6","","LYON","","TEST"
"5/16/2018 11:13:47","104.7","111.9","93.1","6.84","21.6","","LYON","","TEST"
"5/16/2018 11:13:52","104.7","111.9","93.5","6.84","21.6","","LYON","","TEST"
"5/16/2018 11:13:57","104.6","111.8","93.3","6.85","21.6","","LYON","","TEST"
"5/16/2018 11:14:02","104.7","111.9","93.4","6.84","21.6","","LYON","","TEST"
"5/16/2018 11:14:07","104.7","111.9","93.8","6.84","21.6","","LYON","","TEST"
"5/16/2018 11:14:12","104.7","111.9","93.9","6.83","21.6","","LYON","","TEST"
"5/16/2018 11:14:17","104.7","111.9","93.6","6.84","21.6","","LYON","","TEST"
"5/16/2018 11:14:22","104.7","111.8","93.4","6.84","21.6","","LYON","","TEST"
"5/16/2018 11:14:27","104.7","111.9","93.8","6.83","21.6","","LYON","","TEST"
"5/16/2018 11:14:32","104.7","111.9","93.6","6.84","21.6","","LYON","","TEST"
"5/16/2018 11:14:37","104.7","111.8","93.6","6.84","21.6","","LYON","","TEST"
"5/16/2018 11:14:42","104.7","111.9","93.5","6.84","21.6","","LYON","","TEST"
"5/16/2018 11:14:47","104.8","111.9","93.6","6.84","21.6","","LYON","","TEST"
"5/16/2018 11:14:52","104.7","111.9","93.3","6.84","21.6","","LYON","","TEST"
"5/16/2018 11:14:57","104.8","111.9","93.2","6.84","21.6","","LYON","","TEST"
"5/16/2018 11:15:02","104.7","111.9","93.4","6.84","21.6","","LYON","","TEST"
"5/16/2018 11:15:07","104.8","112","93.5","6.84","21.6","","LYON","","TEST"
"5/16/2018 11:15:12","104.7","111.9","93.8","6.83","21.6","","LYON","","TEST"
"5/16/2018 11:15:17","104.8","112","93.5","6.84","21.6","","LYON","","TEST"
"5/16/2018 11:15:22","104.8","112","93.4","6.84","21.6","","LYON","","TEST"
"5/16/2018 11:15:27","104.8","111.9","93.3","6.84","21.6","","LYON","","TEST"
"5/16/2018 11:15:32","104.8","112","93.2","6.84","21.6","","LYON","","TEST"
"5/16/2018 11:15:37","104.8","111.9","93.3","6.83","21.6","","LYON","","TEST"
"5/16/2018 11:15:42","104.8","112","93","6.84","21.7","","LYON","","TEST"
"5/16/2018 11:15:47","104.8","111.9","92.6","6.85","21.7","","LYON","","TEST"
"5/16/2018 11:15:52","104.8","112","92.9","6.84","21.7","","LYON","","TEST"
"5/16/2018 11:15:57","104.8","112","92.8","6.83","21.7","","LYON","","TEST"
"5/16/2018 11:16:02","104.8","112","93.2","6.83","21.7","","LYON","","TEST"
"5/16/2018 11:16:07","104.9","112","92.6","6.84","21.7","","LYON","","TEST"
"5/16/2018 11:16:12","104.8","112","92.5","6.84","21.7","","LYON","","TEST"
"5/16/2018 11:16:17","104.9","112","92.6","6.84","21.7","","LYON","","TEST"
"5/16/2018 11:16:22","104.9","112","92.9","6.83","21.7","","LYON","","TEST"
"5/16/2018 11:16:27","104.9","112","92.7","6.84","21.7","","LYON","","TEST"
"5/16/2018 11:16:32","104.9","112","92.9","6.84","21.7","","LYON","","TEST"
"5/16/2018 11:16:37","104.9","112","92.9","6.84","21.7","","LYON","","TEST"
"5/16/2018 11:16:42","104.9","112.1","92.9","6.83","21.7","","LYON","","TEST"
"5/16/2018 11:16:47","104.9","112","93.1","6.84","21.7","","LYON","","TEST"
"5/16/2018 11:16:52","104.9","112","93.1","6.84","21.7","","LYON","","TEST"
"5/16/2018 11:16:57","104.9","112.1","92.9","6.82","21.7","","LYON","","TEST"
"5/16/2018 11:17:02","104.8","112","93","6.83","21.7","","LYON","","TEST"
"5/16/2018 11:17:07","104.9","112.1","93","6.83","21.7","","LYON","","TEST"
"5/16/2018 11:17:12","104.9","112.1","92.8","6.83","21.7","","LYON","","TEST"
"5/16/2018 11:17:17","105","112.1","92.7","6.83","21.7","","LYON","","TEST"
"5/16/2018 11:17:22","105","112.1","92.6","6.83","21.7","","LYON","","TEST"
"5/16/2018 11:17:27","105","112.1","92.7","6.83","21.7","","LYON","","TEST"
"5/16/2018 11:17:32","105","112.1","92.7","6.83","21.7","","LYON","","TEST"
"5/16/2018 11:17:37","104.9","112.1","92.3","6.83","21.7","","LYON","","TEST"
"5/16/2018 11:17:42","105","112.1","92.9","6.83","21.7","","LYON","","TEST"
"5/16/2018 11:17:47","104.9","112.1","93.1","6.83","21.7","","LYON","","TEST"
"5/16/2018 11:17:52","105","112.1","93.3","6.84","21.7","","LYON","","TEST"
"5/16/2018 11:17:57","105","112.2","93.1","6.83","21.7","","LYON","","TEST"
"5/16/2018 11:18:02","105.1","112.2","93.1","6.83","21.7","","LYON","","TEST"
"5/16/2018 11:18:07","105","112.1","93.2","6.83","21.7","","LYON","","TEST"
"5/16/2018 11:18:12","105.1","112.2","93.1","6.83","21.7","","LYON","","TEST"
"5/16/2018 11:18:17","105","112.2","93.2","6.83","21.7","","LYON","","TEST"
"5/16/2018 11:18:22","105","112.2","93","6.83","21.7","","LYON","","TEST"
"5/16/2018 11:18:27","105","112.2","93","6.83","21.7","","LYON","","TEST"
"5/16/2018 11:18:32","105","112.2","92.7","6.84","21.7","","LYON","","TEST"
"5/16/2018 11:18:37","105","112.2","92.4","6.84","21.7","","LYON","","TEST"
"5/16/2018 11:18:42","105.1","112.3","92.5","6.84","21.7","","LYON","","TEST"
"5/16/2018 11:18:47","105","112.2","92.6","6.83","21.7","","LYON","","TEST"
"5/16/2018 11:18:52","105.1","112.2","92.8","6.83","21.7","","LYON","","TEST"
"5/16/2018 11:18:57","105.1","112.2","92.6","6.83","21.7","","LYON","","TEST"
"5/16/2018 11:19:02","105.1","112.3","92.3","6.84","21.7","","LYON","","TEST"
"5/16/2018 11:19:07","105.1","112.2","92.6","6.83","21.7","","LYON","","TEST"
"5/16/2018 11:19:12","105.1","112.3","93","6.84","21.7","","LYON","","TEST"
"5/16/2018 11:19:17","105.1","112.2","93.1","6.83","21.7","","LYON","","TEST"
"5/16/2018 11:19:22","105.2","112.3","93.2","6.83","21.7","","LYON","","TEST"
"5/16/2018 11:19:27","105.2","112.3","93","6.83","21.7","","LYON","","TEST"
"5/16/2018 11:19:32","105.1","112.3","93","6.83","21.7","","LYON","","TEST"
"5/16/2018 11:19:37","105.1","112.3","93.1","6.83","21.7","","LYON","","TEST"
"5/16/2018 11:19:42","105.2","112.4","92.7","6.82","21.7","","LYON","","TEST"
"5/16/2018 11:19:47","105.2","112.3","92.5","6.82","21.7","","LYON","","TEST"
"5/16/2018 11:19:52","105.2","112.3","92.9","6.83","21.7","","LYON","","TEST"
"5/16/2018 11:19:57","105.2","112.3","92.6","6.83","21.7","","LYON","","TEST"
"5/16/2018 11:20:02","105.2","112.3","92.5","6.83","21.7","","LYON","","TEST"
"5/16/2018 11:20:07","105.2","112.4","92.9","6.83","21.7","","LYON","","TEST"
"5/16/2018 11:20:12","105.2","112.4","92.8","6.83","21.7","","LYON","","TEST"
"5/16/2018 11:20:17","105.3","112.4","92.7","6.83","21.7","","LYON","","TEST"
"5/16/2018 11:20:22","105.3","112.4","93","6.83","21.7","","LYON","","TEST"
"5/16/2018 11:20:27","105.3","112.4","93.1","6.83","21.7","","LYON","","TEST"
"5/16/2018 11:20:32","105.3","112.5","93.2","6.83","21.7","","LYON","","TEST"
"5/16/2018 11:20:37","105.3","112.4","93","6.83","21.7","","LYON","","TEST"
"5/16/2018 11:20:42","105.3","112.4","92.4","6.84","21.7","","LYON","","TEST"
"5/16/2018 11:20:47","105.4","112.5","92.8","6.83","21.7","","LYON","","TEST"
"5/16/2018 11:20:52","105.3","112.5","93.3","6.83","21.7","","LYON","","TEST"
"5/16/2018 11:20:57","105.4","112.5","93.2","6.83","21.7","","LYON","","TEST"
"5/16/2018 11:21:02","105.4","112.5","92.9","6.83","21.7","","LYON","","TEST"
"5/16/2018 11:21:07","105.4","112.5","93","6.82","21.7","","LYON","","TEST"
"5/16/2018 11:21:12","105.4","112.5","92.9","6.82","21.7","","LYON","","TEST"
"5/16/2018 11:21:17","105.4","112.5","92.8","6.83","21.7","","LYON","","TEST"
"5/16/2018 11:21:22","105.4","112.5","92.9","6.83","21.7","","LYON","","TEST"
"5/16/2018 11:21:27","105.5","112.6","92.2","6.83","21.7","","LYON","","TEST"
"5/16/2018 11:21:32","105.4","112.5","92.6","6.83","21.7","","LYON","","TEST"
"5/16/2018 11:21:37","105.5","112.6","92.5","6.82","21.7","","LYON","","TEST"
"5/16/2018 11:21:42","105.4","112.5","93","6.82","21.7","","LYON","","TEST"
"5/16/2018 11:21:47","105.5","112.6","92.7","6.82","21.7","","LYON","","TEST"
"5/16/2018 11:21:52","105.5","112.6","93","6.82","21.7","","LYON","","TEST"
"5/16/2018 11:21:57","105.5","112.6","93.2","6.82","21.7","","LYON","","TEST"
"5/16/2018 11:22:02","105.5","112.6","93.2","6.82","21.7","","LYON","","TEST"
"5/16/2018 11:22:07","105.5","112.6","93.1","6.82","21.7","","LYON","","TEST"
"5/16/2018 11:22:12","105.5","112.6","93.1","6.82","21.7","","LYON","","TEST"
"5/16/2018 11:22:17","105.6","112.7","92.7","6.82","21.7","","LYON","","TEST"
"5/16/2018 11:22:22","105.6","112.7","92.8","6.83","21.7","","LYON","","TEST"
"5/16/2018 11:22:27","105.6","112.7","92.4","6.83","21.7","","LYON","","TEST"
"5/16/2018 11:22:32","105.5","112.6","92.9","6.82","21.7","","LYON","","TEST"
"5/16/2018 11:22:37","105.6","112.7","93","6.83","21.7","","LYON","","TEST"
"5/16/2018 11:22:42","105.6","112.7","92.9","6.83","21.7","","LYON","","TEST"
"5/16/2018 11:22:47","105.6","112.7","93.1","6.83","21.7","","LYON","","TEST"
"5/16/2018 11:22:52","105.6","112.7","92.9","6.83","21.7","","LYON","","TEST"
"5/16/2018 11:22:57","105.6","112.7","93","6.83","21.7","","LYON","","TEST"
"5/16/2018 11:23:02","105.7","112.8","93.3","6.83","21.7","","LYON","","TEST"
"5/16/2018 11:23:07","105.6","112.7","93","6.82","21.7","","LYON","","TEST"
"5/16/2018 11:23:12","105.6","112.7","92.3","6.82","21.7","","LYON","","TEST"
"5/16/2018 11:23:17","105.6","112.7","92.8","6.82","21.7","","LYON","","TEST"
"5/16/2018 11:23:22","105.6","112.7","92.4","6.82","21.7","","LYON","","TEST"
"5/16/2018 11:23:27","105.6","112.7","92.7","6.82","21.7","","LYON","","TEST"
"5/16/2018 11:23:32","105.7","112.8","93","6.82","21.7","","LYON","","TEST"
"5/16/2018 11:23:37","105.6","112.7","92.8","6.82","21.7","","LYON","","TEST"
"5/16/2018 11:23:42","105.7","112.8","92.6","6.82","21.7","","LYON","","TEST"
"5/16/2018 11:23:47","105.7","112.8","92.7","6.81","21.7","","LYON","","TEST"
"5/16/2018 11:23:52","105.7","112.8","92.7","6.82","21.7","","LYON","","TEST"
"5/16/2018 11:23:57","105.7","112.8","92.7","6.82","21.7","","LYON","","TEST"
"5/16/2018 11:24:02","105.7","112.8","93","6.82","21.7","","LYON","","TEST"
"5/16/2018 11:24:07","105.7","112.8","93","6.82","21.7","","LYON","","TEST"
"5/16/2018 11:24:12","105.7","112.8","93","6.81","21.7","","LYON","","TEST"
"5/16/2018 11:24:17","105.7","112.8","92.8","6.82","21.7","","LYON","","TEST"
"5/16/2018 11:24:22","105.7","112.8","92.4","6.82","21.7","","LYON","","TEST"
"5/16/2018 11:24:27","105.7","112.8","92.7","6.82","21.7","","LYON","","TEST"
"5/16/2018 11:24:32","105.7","112.8","92.9","6.82","21.7","","LYON","","TEST"
"5/16/2018 11:24:37","105.8","112.9","92.9","6.81","21.7","","LYON","","TEST"
"5/16/2018 11:24:42","105.8","112.9","92.3","6.81","21.7","","LYON","","TEST"
"5/16/2018 11:24:47","105.7","112.8","92.1","6.81","21.7","","LYON","","TEST"
"5/16/2018 11:24:52","105.8","112.9","92.6","6.81","21.7","","LYON","","TEST"
"5/16/2018 11:24:57","105.8","112.9","92.9","6.81","21.7","","LYON","","TEST"
"5/16/2018 11:25:02","105.8","112.9","92.9","6.81","21.7","","LYON","","TEST"
"5/16/2018 11:25:07","105.8","112.9","92.8","6.81","21.7","","LYON","","TEST"
"5/16/2018 11:25:12","105.9","112.9","92.8","6.82","21.7","","LYON","","TEST"
"5/16/2018 11:25:17","105.8","112.9","92.5","6.81","21.7","","LYON","","TEST"
"5/16/2018 11:25:22","105.8","112.9","92.7","6.81","21.7","","LYON","","TEST"
"5/16/2018 11:25:27","105.9","112.9","92.9","6.81","21.7","","LYON","","TEST"
"5/16/2018 11:25:32","105.8","112.9","93","6.82","21.7","","LYON","","TEST"
"5/16/2018 11:25:37","105.8","112.9","92.2","6.82","21.7","","LYON","","TEST"
"5/16/2018 11:25:42","105.9","113","92.9","6.81","21.7","","LYON","","TEST"
"5/16/2018 11:25:47","105.8","112.9","92.9","6.81","21.7","","LYON","","TEST"
"5/16/2018 11:25:52","105.9","113","92.8","6.81","21.7","","LYON","","TEST"
"5/16/2018 11:25:57","105.8","112.9","92.9","6.81","21.7","","LYON","","TEST"
"5/16/2018 11:26:02","105.9","113","92.8","6.81","21.7","","LYON","","TEST"
"5/16/2018 11:26:07","105.9","113","92.6","6.81","21.7","","LYON","","TEST"
"5/16/2018 11:26:12","106","113","93","6.81","21.7","","LYON","","TEST"
"5/16/2018 11:26:17","106","113.1","93.1","6.81","21.7","","LYON","","TEST"
"5/16/2018 11:26:22","105.9","113","93","6.81","21.7","","LYON","","TEST"
"5/16/2018 11:26:27","106","113","92.9","6.81","21.7","","LYON","","TEST"
"5/16/2018 11:26:32","105.9","113","92.6","6.82","21.7","","LYON","","TEST"
"5/16/2018 11:26:37","106","113.1","93.1","6.81","21.7","","LYON","","TEST"
"5/16/2018 11:26:42","106","113","93.4","6.81","21.7","","LYON","","TEST"
"5/16/2018 11:26:47","106","113","93.2","6.82","21.7","","LYON","","TEST"
"5/16/2018 11:26:52","106","113.1","92.9","6.81","21.7","","LYON","","TEST"
"5/16/2018 11:26:57","106","113.1","93","6.81","21.7","","LYON","","TEST"
"5/16/2018 11:27:02","105.9","113","92.9","6.81","21.7","","LYON","","TEST"
"5/16/2018 11:27:07","106","113.1","93.1","6.81","21.7","","LYON","","TEST"
"5/16/2018 11:27:12","106","113.1","93","6.81","21.7","","LYON","","TEST"
"5/16/2018 11:27:17","106","113","93","6.81","21.7","","LYON","","TEST"
"5/16/2018 11:27:22","106","113.1","92.5","6.81","21.7","","LYON","","TEST"
"5/16/2018 11:27:27","106","113","92.9","6.81","21.7","","LYON","","TEST"
"5/16/2018 11:27:32","106.1","113.1","92.8","6.82","21.7","","LYON","","TEST"
"5/16/2018 11:27:37","106","113.1","92.6","6.81","21.7","","LYON","","TEST"
"5/16/2018 11:27:42","106","113.1","92.9","6.81","21.7","","LYON","","TEST"
"5/16/2018 11:27:47","106.1","113.2","92.8","6.81","21.7","","LYON","","TEST"
"5/16/2018 11:27:52","106.1","113.1","92.9","6.81","21.7","","LYON","","TEST"
"5/16/2018 11:27:57","106.1","113.1","92.9","6.81","21.7","","LYON","","TEST"
"5/16/2018 11:28:02","106.1","113.2","92.7","6.81","21.7","","LYON","","TEST"
"5/16/2018 11:28:07","106.1","113.1","92.5","6.81","21.7","","LYON","","TEST"
"5/16/2018 11:28:12","106.1","113.2","92.7","6.81","21.7","","LYON","","TEST"
"5/16/2018 11:28:17","106.1","113.2","92.9","6.8","21.7","","LYON","","TEST"
"5/16/2018 11:28:22","106.1","113.2","93.2","6.8","21.7","","LYON","","TEST"
"5/16/2018 11:28:27","106.1","113.2","93","6.81","21.7","","LYON","","TEST"
"5/16/2018 11:28:32","106.1","113.1","92.6","6.81","21.7","","LYON","","TEST"
"5/16/2018 11:28:37","106.1","113.2","92.4","6.81","21.7","","LYON","","TEST"
"5/16/2018 11:28:42","106.1","113.2","92.6","6.81","21.7","","LYON","","TEST"
"5/16/2018 11:28:47","106.1","113.2","93","6.8","21.7","","LYON","","TEST"
"5/16/2018 11:28:52","106.2","113.2","93","6.81","21.7","","LYON","","TEST"
"5/16/2018 11:28:57","106.1","113.2","93","6.81","21.7","","LYON","","TEST"
"5/16/2018 11:29:02","106.2","113.2","92.9","6.81","21.7","","LYON","","TEST"
"5/16/2018 11:29:07","106.2","113.2","92.9","6.8","21.7","","LYON","","TEST"
"5/16/2018 11:29:12","106.2","113.3","93.1","6.81","21.7","","LYON","","TEST"
"5/16/2018 11:29:17","106.2","113.2","93","6.81","21.7","","LYON","","TEST"
"5/16/2018 11:29:22","106.2","113.2","93","6.81","21.7","","LYON","","TEST"
"5/16/2018 11:29:27","106.2","113.3","92.8","6.81","21.7","","LYON","","TEST"
"5/16/2018 11:29:32","106.2","113.2","92.9","6.8","21.7","","LYON","","TEST"
"5/16/2018 11:29:37","106.1","113.2","92.9","6.8","21.7","","LYON","","TEST"
"5/16/2018 11:29:42","106.2","113.2","92.3","6.8","21.7","","LYON","","TEST"
"5/16/2018 11:29:47","106.2","113.2","92.2","6.8","21.7","","LYON","","TEST"
"5/16/2018 11:29:52","106.3","113.3","92.8","6.8","21.7","","LYON","","TEST"
"5/16/2018 11:29:57","106.2","113.3","92.7","6.8","21.7","","LYON","","TEST"
"5/16/2018 11:30:02","106.2","113.2","92.7","6.8","21.7","","LYON","","TEST"
"5/16/2018 11:30:07","106.2","113.3","92.9","6.81","21.7","","LYON","","TEST"
"5/16/2018 11:30:12","106.2","113.3","93","6.8","21.7","","LYON","","TEST"
"5/16/2018 11:30:17","106.2","113.3","92.8","6.8","21.7","","LYON","","TEST"
"5/16/2018 11:30:22","106.2","113.3","92.9","6.8","21.7","","LYON","","TEST"
"5/16/2018 11:30:27","106.2","113.3","93","6.8","21.7","","LYON","","TEST"
"5/16/2018 11:30:32","106.2","113.3","93","6.8","21.7","","LYON","","TEST"
"5/16/2018 11:30:37","106.3","113.3","92.8","6.8","21.7","","LYON","","TEST"
"5/16/2018 11:30:42","106.3","113.4","92.8","6.8","21.7","","LYON","","TEST"
"5/16/2018 11:30:47","106.3","113.3","92.8","6.8","21.7","","LYON","","TEST"
"5/16/2018 11:30:52","106.3","113.4","92.6","6.8","21.7","","LYON","","TEST"
"5/16/2018 11:30:57","106.2","113.3","92.4","6.81","21.7","","LYON","","TEST"
"5/16/2018 11:31:02","106.3","113.3","92.7","6.8","21.7","","LYON","","TEST"
"5/16/2018 11:31:07","106.3","113.3","92.4","6.8","21.7","","LYON","","TEST"
"5/16/2018 11:31:12","106.3","113.4","92.8","6.8","21.7","","LYON","","TEST"
"5/16/2018 11:31:17","106.3","113.3","93.1","6.8","21.7","","LYON","","TEST"
"5/16/2018 11:31:22","106.3","113.4","92.9","6.8","21.7","","LYON","","TEST"
"5/16/2018 11:31:27","106.3","113.4","92.8","6.8","21.7","","LYON","","TEST"
"5/16/2018 11:31:32","106.3","113.4","92.6","6.8","21.7","","LYON","","TEST"
"5/16/2018 11:31:37","106.3","113.4","92.6","6.8","21.7","","LYON","","TEST"
"5/16/2018 11:31:42","106.3","113.3","92.8","6.8","21.7","","LYON","","TEST"
"5/16/2018 11:31:47","106.4","113.4","93.2","6.8","21.7","","LYON","","TEST"
"5/16/2018 11:31:52","106.3","113.4","93.1","6.8","21.7","","LYON","","TEST"
"5/16/2018 11:31:57","106.4","113.4","92.8","6.8","21.7","","LYON","","TEST"
"5/16/2018 11:32:02","106.3","113.4","92.7","6.8","21.7","","LYON","","TEST"
"5/16/2018 11:32:07","106.4","113.4","92.5","6.8","21.7","","LYON","","TEST"
"5/16/2018 11:32:12","106.4","113.4","92.5","6.8","21.7","","LYON","","TEST"
"5/16/2018 11:32:17","106.4","113.5","93","6.79","21.7","","LYON","","TEST"
"5/16/2018 11:32:22","106.3","113.4","92.9","6.8","21.7","","LYON","","TEST"
"5/16/2018 11:32:27","106.4","113.4","92.7","6.8","21.7","","LYON","","TEST"
"5/16/2018 11:32:32","106.4","113.4","92.5","6.8","21.7","","LYON","","TEST"
"5/16/2018 11:32:37","106.4","113.5","92.7","6.79","21.7","","LYON","","TEST"
"5/16/2018 11:32:42","106.4","113.5","92.8","6.8","21.7","","LYON","","TEST"
"5/16/2018 11:32:47","106.4","113.4","92.6","6.79","21.7","","LYON","","TEST"
"5/16/2018 11:32:52","106.4","113.5","92.9","6.8","21.7","","LYON","","TEST"
"5/16/2018 11:32:57","106.4","113.4","92.8","6.8","21.7","","LYON","","TEST"
"5/16/2018 11:33:02","106.4","113.5","93","6.8","21.7","","LYON","","TEST"
"5/16/2018 11:33:07","106.5","113.5","93","6.8","21.7","","LYON","","TEST"
"5/16/2018 11:33:12","106.5","113.5","92.7","6.8","21.7","","LYON","","TEST"
"5/16/2018 11:33:17","106.5","113.5","92.7","6.79","21.7","","LYON","","TEST"
"5/16/2018 11:33:22","106.5","113.5","93.1","6.79","21.7","","LYON","","TEST"
"5/16/2018 11:33:27","106.4","113.5","93","6.8","21.7","","LYON","","TEST"
"5/16/2018 11:33:32","106.4","113.4","92.6","6.79","21.7","","LYON","","TEST"
"5/16/2018 11:33:37","106.4","113.5","92.7","6.79","21.7","","LYON","","TEST"
"5/16/2018 11:33:42","106.5","113.6","92.9","6.79","21.7","","LYON","","TEST"
"5/16/2018 11:33:47","106.4","113.5","92.7","6.8","21.7","","LYON","","TEST"
"5/16/2018 11:33:52","106.5","113.5","92.9","6.8","21.7","","LYON","","TEST"
"5/16/2018 11:33:57","106.5","113.5","93","6.8","21.7","","LYON","","TEST"
"5/16/2018 11:34:02","106.5","113.5","92.8","6.8","21.7","","LYON","","TEST"
"5/16/2018 11:34:07","106.6","113.6","92.2","6.8","21.8","","LYON","","TEST"
"5/16/2018 11:34:12","106.5","113.6","92.8","6.79","21.7","","LYON","","TEST"
"5/16/2018 11:34:17","106.5","113.6","92.4","6.8","21.8","","LYON","","TEST"
"5/16/2018 11:34:22","106.5","113.6","92.7","6.8","21.7","","LYON","","TEST"
"5/16/2018 11:34:27","106.5","113.6","92.5","6.8","21.7","","LYON","","TEST"
"5/16/2018 11:34:32","106.5","113.6","92","6.8","21.8","","LYON","","TEST"
"5/16/2018 11:34:37","106.5","113.6","92.5","6.79","21.7","","LYON","","TEST"
"5/16/2018 11:34:42","106.6","113.6","92.3","6.8","21.8","","LYON","","TEST"
"5/16/2018 11:34:47","106.6","113.6","92.5","6.8","21.8","","LYON","","TEST"
"5/16/2018 11:34:52","106.5","113.6","92.1","6.79","21.8","","LYON","","TEST"
"5/16/2018 11:34:57","106.6","113.6","92.5","6.8","21.8","","LYON","","TEST"
"5/16/2018 11:35:02","106.6","113.6","92.6","6.8","21.8","","LYON","","TEST"
"5/16/2018 11:35:07","106.6","113.6","92.4","6.8","21.8","","LYON","","TEST"
"5/16/2018 11:35:12","106.6","113.6","92.2","6.79","21.8","","LYON","","TEST"
"5/16/2018 11:35:17","106.5","113.6","92.6","6.79","21.8","","LYON","","TEST"
"5/16/2018 11:35:22","106.6","113.7","92.6","6.79","21.8","","LYON","","TEST"
"5/16/2018 11:35:27","106.6","113.6","92.4","6.79","21.8","","LYON","","TEST"
"5/16/2018 11:35:32","106.6","113.6","92.5","6.8","21.8","","LYON","","TEST"
"5/16/2018 11:35:37","106.6","113.7","92.2","6.8","21.8","","LYON","","TEST"
"5/16/2018 11:35:42","106.6","113.6","92.3","6.8","21.8","","LYON","","TEST"
"5/16/2018 11:35:47","106.6","113.6","92.4","6.8","21.8","","LYON","","TEST"
"5/16/2018 11:35:52","106.7","113.7","92.4","6.8","21.8","","LYON","","TEST"
"5/16/2018 11:35:57","106.6","113.6","91.9","6.8","21.8","","LYON","","TEST"
"5/16/2018 11:36:02","106.6","113.7","91.9","6.8","21.8","","LYON","","TEST"
"5/16/2018 11:36:07","106.7","113.7","92.1","6.79","21.8","","LYON","","TEST"
"5/16/2018 11:36:12","106.7","113.7","92.3","6.8","21.8","","LYON","","TEST"
"5/16/2018 11:36:17","106.7","113.7","91.1","6.81","21.8","","LYON","","TEST"
"5/16/2018 11:36:22","106.6","113.6","90.7","6.82","21.8","","LYON","","TEST"
"5/16/2018 11:36:27","106.7","113.7","90.3","6.82","21.8","","LYON","","TEST"
"5/16/2018 11:36:32","106.6","113.7","91.1","6.8","21.8","","LYON","","TEST"
"5/16/2018 11:36:37","106.7","113.7","91.4","6.77","21.8","","LYON","","TEST"
"5/16/2018 11:36:42","106.7","113.7","91.7","6.78","21.8","","LYON","","TEST"
"5/16/2018 11:36:47","106.7","113.7","92.1","6.78","21.8","","LYON","","TEST"
"5/16/2018 11:36:52","106.7","113.7","92.4","6.78","21.8","","LYON","","TEST"
"5/16/2018 11:36:57","106.7","113.7","92.4","6.78","21.8","","LYON","","TEST"
"5/16/2018 11:37:02","106.7","113.7","92.4","6.79","21.8","","LYON","","TEST"
"5/16/2018 11:37:07","106.7","113.7","92.5","6.79","21.8","","LYON","","TEST"
"5/16/2018 11:37:12","106.7","113.7","92.7","6.78","21.8","","LYON","","TEST"
"5/16/2018 11:37:17","106.8","113.8","92.8","6.78","21.8","","LYON","","TEST"
"5/16/2018 11:37:22","106.7","113.7","92.6","6.79","21.8","","LYON","","TEST"
"5/16/2018 11:37:27","106.7","113.7","92.3","6.79","21.8","","LYON","","TEST"
"5/16/2018 11:37:32","106.7","113.7","92.5","6.79","21.8","","LYON","","TEST"
"5/16/2018 11:37:37","106.8","113.8","92.7","6.79","21.8","","LYON","","TEST"
"5/16/2018 11:37:42","106.7","113.7","92.3","6.8","21.8","","LYON","","TEST"
"5/16/2018 11:37:47","106.8","113.8","92.4","6.79","21.8","","LYON","","TEST"
"5/16/2018 11:37:52","106.8","113.8","92.7","6.79","21.8","","LYON","","TEST"
"5/16/2018 11:37:57","106.7","113.7","92.6","6.79","21.8","","LYON","","TEST"
"5/16/2018 11:38:02","106.8","113.8","92.4","6.79","21.8","","LYON","","TEST"
"5/16/2018 11:38:07","106.8","113.8","92.3","6.79","21.8","","LYON","","TEST"
"5/16/2018 11:38:12","106.8","113.8","92.2","6.79","21.8","","LYON","","TEST"
"5/16/2018 11:38:17","106.8","113.8","92.1","6.79","21.8","","LYON","","TEST"
"5/16/2018 11:38:22","106.8","113.8","92.3","6.8","21.8","","LYON","","TEST"
"5/16/2018 11:38:27","106.8","113.8","92.2","6.79","21.8","","LYON","","TEST"
"5/16/2018 11:38:32","106.8","113.8","92.1","6.8","21.8","","LYON","","TEST"
"5/16/2018 11:38:37","106.8","113.8","92","6.79","21.8","","LYON","","TEST"
"5/16/2018 11:38:42","106.8","113.8","92.3","6.79","21.8","","LYON","","TEST"
"5/16/2018 11:38:47","106.8","113.8","92.4","6.79","21.8","","LYON","","TEST"
"5/16/2018 11:38:52","106.8","113.8","92.5","6.79","21.8","","LYON","","TEST"
"5/16/2018 11:38:57","106.9","113.9","92","6.8","21.8","","LYON","","TEST"
"5/16/2018 11:39:02","106.8","113.8","91.9","6.8","21.8","","LYON","","TEST"
"5/16/2018 11:39:07","106.9","113.8","92.1","6.8","21.8","","LYON","","TEST"
"5/16/2018 11:39:12","106.9","113.9","92.5","6.79","21.8","","LYON","","TEST"
"5/16/2018 11:39:17","106.9","113.8","92.7","6.79","21.8","","LYON","","TEST"
"5/16/2018 11:39:22","106.9","113.9","92.4","6.8","21.8","","LYON","","TEST"
"5/16/2018 11:39:27","106.9","113.9","92.4","6.79","21.8","","LYON","","TEST"
"5/16/2018 11:39:32","106.9","113.9","92","6.8","21.8","","LYON","","TEST"
"5/16/2018 11:39:37","106.9","113.9","92.2","6.8","21.8","","LYON","","TEST"
"5/16/2018 11:39:42","106.9","113.9","92.3","6.8","21.8","","LYON","","TEST"
"5/16/2018 11:39:47","106.9","113.9","92.2","6.8","21.8","","LYON","","TEST"
"5/16/2018 11:39:52","106.9","113.9","92","6.79","21.8","","LYON","","TEST"
"5/16/2018 11:39:57","106.9","113.9","91.9","6.8","21.8","","LYON","","TEST"
"5/16/2018 11:40:02","105.5","112.4","92","6.8","21.8","","LYON","","TEST"
"5/16/2018 11:40:07","106.5","113.4","92.4","6.8","21.8","","LYON","","TEST"
"5/16/2018 11:40:12","106.4","113.3","92.3","6.79","21.8","","LYON","","TEST"
"5/16/2018 11:40:17","106.2","113.1","92.3","6.8","21.8","","LYON","","TEST"
"5/16/2018 11:40:22","106.9","113.9","91.9","6.8","21.8","","LYON","","TEST"
"5/16/2018 11:40:27","106.9","113.9","92.3","6.8","21.8","","LYON","","TEST"
"5/16/2018 11:40:32","107","113.9","92.7","6.79","21.8","","LYON","","TEST"
"5/16/2018 11:40:37","107","114","92.4","6.8","21.8","","LYON","","TEST"
"5/16/2018 11:40:42","107","113.9","92.4","6.79","21.8","","LYON","","TEST"
"5/16/2018 11:40:47","107","114","92.4","6.8","21.8","","LYON","","TEST"
"5/16/2018 11:40:52","107","113.9","92.4","6.8","21.8","","LYON","","TEST"
"5/16/2018 11:40:57","107","114","92.7","6.79","21.8","","LYON","","TEST"
"5/16/2018 11:41:02","107","114","92.5","6.79","21.8","","LYON","","TEST"
"5/16/2018 11:41:07","107","114","92.4","6.79","21.8","","LYON","","TEST"
"5/16/2018 11:41:12","107","114","92.5","6.78","21.8","","LYON","","TEST"
"5/16/2018 11:41:17","107","114","92.3","6.79","21.8","","LYON","","TEST"
"5/16/2018 11:41:22","107.1","114","92.4","6.78","21.8","","LYON","","TEST"
"5/16/2018 11:41:27","107.1","114","92.7","6.78","21.8","","LYON","","TEST"
"5/16/2018 11:41:32","107.1","114","92.6","6.79","21.8","","LYON","","TEST"
"5/16/2018 11:41:37","107.1","114","92.6","6.79","21.8","","LYON","","TEST"
"5/16/2018 11:41:42","107.1","114","92.5","6.8","21.8","","LYON","","TEST"
"5/16/2018 11:41:47","107.1","114","92.1","6.8","21.8","","LYON","","TEST"
"5/16/2018 11:41:52","107.1","114","92.1","6.79","21.8","","LYON","","TEST"
"5/16/2018 11:41:57","107.1","114","92.6","6.79","21.8","","LYON","","TEST"
